fips,location,svi_rpl_themes,ep_pov150,ep_uninsur,ep_noveh,ep_age65,centroid_lat,centroid_lon
04013010102,Census Tract 101.02; Maricopa County; Arizona,0.0467,14.5,3.7,0.5,40.7,33.775177,-111.463979
04013010103,Census Tract 101.03; Maricopa County; Arizona,0.0409,5.0,1.6,1.4,24.8,33.758967,-111.745938
04013010104,Census Tract 101.04; Maricopa County; Arizona,0.0027,7.6,1.5,2.7,72.2,33.736713,-111.676743
04013030401,Census Tract 304.01; Maricopa County; Arizona,0.0616,6.6,3.9,0.0,54.4,33.814331,-111.927984
04013030402,Census Tract 304.02; Maricopa County; Arizona,0.4291,14.1,17.2,0.6,37.7,33.843128,-111.956018
04013040502,Census Tract 405.02; Maricopa County; Arizona,0.5246,17.9,4.6,11.6,41.4,33.975512,-112.741293
04013040506,Census Tract 405.06; Maricopa County; Arizona,0.1309,12.7,2.3,2.6,84.8,33.656609,-112.340162
04013040507,Census Tract 405.07; Maricopa County; Arizona,0.3326,12.9,0.6,8.2,87.0,33.654955,-112.360014
04013040512,Census Tract 405.12; Maricopa County; Arizona,0.0411,13.1,0.6,3.1,92.0,33.676139,-112.393366
04013040513,Census Tract 405.13; Maricopa County; Arizona,0.031,10.4,2.4,3.3,85.6,33.67356,-112.365603
04013040514,Census Tract 405.14; Maricopa County; Arizona,0.086,6.4,2.0,1.0,83.7,33.674269,-112.341005
04013040515,Census Tract 405.15; Maricopa County; Arizona,0.4341,22.3,12.8,0.3,43.6,33.811483,-112.776038
04013040516,Census Tract 405.16; Maricopa County; Arizona,0.0743,9.1,2.1,4.8,46.5,33.697689,-112.704197
04013040522,Census Tract 405.22; Maricopa County; Arizona,0.1922,13.4,2.3,7.5,86.6,33.68854,-112.374491
04013040523,Census Tract 405.23; Maricopa County; Arizona,0.0649,8.8,2.1,1.9,88.7,33.691115,-112.354738
04013040524,Census Tract 405.24; Maricopa County; Arizona,0.2272,17.7,8.4,2.9,78.0,33.674635,-112.418587
04013040525,Census Tract 405.25; Maricopa County; Arizona,0.0728,10.8,0.6,1.0,80.9,33.661751,-112.430006
04013040526,Census Tract 405.26; Maricopa County; Arizona,0.1406,12.0,1.6,1.9,89.7,33.645216,-112.444069
04013040527,Census Tract 405.27; Maricopa County; Arizona,0.1587,9.5,4.4,2.2,46.3,33.6463,-112.43015
04013040528,Census Tract 405.28; Maricopa County; Arizona,0.0661,9.6,3.7,0.4,79.8,33.653625,-112.400211
04013040529,Census Tract 405.29; Maricopa County; Arizona,0.1212,6.4,0.5,2.5,89.3,33.662549,-112.393828
04013040530,Census Tract 405.30; Maricopa County; Arizona,0.3467,12.5,6.4,6.0,25.2,33.645738,-112.384215
04013040531,Census Tract 405.31; Maricopa County; Arizona,0.591,23.7,2.3,10.9,56.3,33.646545,-112.369464
04013040532,Census Tract 405.32; Maricopa County; Arizona,0.056,10.0,4.8,0.0,6.0,33.708691,-112.302615
04013040533,Census Tract 405.33; Maricopa County; Arizona,0.0743,7.1,2.5,0.5,9.5,33.718101,-112.325365
04013040534,Census Tract 405.34; Maricopa County; Arizona,0.0112,10.0,0.0,0.7,80.6,33.737413,-112.33221
04013040535,Census Tract 405.35; Maricopa County; Arizona,0.0132,6.0,1.1,0.0,26.8,33.797885,-112.36093
04013040536,Census Tract 405.36; Maricopa County; Arizona,0.054,4.9,1.4,0.7,7.6,33.742729,-112.31855
04013040537,Census Tract 405.37; Maricopa County; Arizona,0.0087,4.6,1.5,0.0,26.8,33.768084,-112.307796
04013040538,Census Tract 405.38; Maricopa County; Arizona,0.2803,9.8,3.0,1.4,19.3,33.71025,-112.393248
04013040539,Census Tract 405.39; Maricopa County; Arizona,0.4609,6.8,2.9,3.9,23.1,33.856041,-112.548955
04013040540,Census Tract 405.40; Maricopa County; Arizona,0.3193,13.6,11.2,0.0,11.2,33.685974,-112.48837
04013040541,Census Tract 405.41; Maricopa County; Arizona,0.5127,19.4,4.8,0.7,11.2,33.750849,-112.554491
04013050603,Census Tract 506.03; Maricopa County; Arizona,0.6589,18.5,21.3,2.3,13.3,33.126878,-112.933306
04013050604,Census Tract 506.04; Maricopa County; Arizona,0.7574,19.2,25.1,6.4,13.7,33.315874,-112.751072
04013050609,Census Tract 506.09; Maricopa County; Arizona,0.2474,10.7,8.3,1.7,25.0,33.452435,-112.529372
04013050611,Census Tract 506.11; Maricopa County; Arizona,0.6108,17.5,12.5,1.0,7.2,33.37976,-112.517674
04013050612,Census Tract 506.12; Maricopa County; Arizona,0.0681,7.7,8.1,0.8,8.1,33.447513,-112.498445
04013050613,Census Tract 506.13; Maricopa County; Arizona,0.4769,6.2,8.9,0.0,8.5,33.42149,-112.502698
04013050614,Census Tract 506.14; Maricopa County; Arizona,0.4104,22.4,16.5,0.0,9.3,33.426765,-112.545671
04013050615,Census Tract 506.15; Maricopa County; Arizona,0.5657,12.8,4.7,2.3,12.0,33.425378,-112.570986
04013050616,Census Tract 506.16; Maricopa County; Arizona,0.2933,12.3,29.0,0.0,12.2,33.419355,-112.6137
04013050617,Census Tract 506.17; Maricopa County; Arizona,0.8497,27.0,6.9,10.4,5.2,33.373962,-112.606871
04013050618,Census Tract 506.18; Maricopa County; Arizona,0.1086,3.4,3.5,0.7,7.8,33.484692,-112.504175
04013050619,Census Tract 506.19; Maricopa County; Arizona,0.1924,6.7,7.4,0.6,18.4,33.492396,-112.489602
04013050620,Census Tract 506.20; Maricopa County; Arizona,0.0324,3.4,2.4,3.2,9.5,33.544221,-112.559881
04013050621,Census Tract 506.21; Maricopa County; Arizona,0.458,17.8,5.4,0.7,10.1,33.558742,-112.745802
04013050701,Census Tract 507.01; Maricopa County; Arizona,0.7779,22.2,13.1,3.0,8.6,33.382419,-112.57585
04013050702,Census Tract 507.02; Maricopa County; Arizona,0.9092,28.9,14.8,10.0,8.8,33.373399,-112.583884
04013060801,Census Tract 608.01; Maricopa County; Arizona,0.9824,34.4,17.6,7.9,18.9,33.632771,-112.329006
04013060802,Census Tract 608.02; Maricopa County; Arizona,0.6971,22.4,4.9,1.2,9.7,33.618462,-112.315925
04013060901,Census Tract 609.01; Maricopa County; Arizona,0.7812,23.8,18.3,0.5,5.5,33.619074,-112.334669
04013060902,Census Tract 609.02; Maricopa County; Arizona,0.9318,42.1,11.9,10.2,18.1,33.610925,-112.327403
04013060903,Census Tract 609.03; Maricopa County; Arizona,0.5964,13.4,16.1,1.5,5.1,33.602894,-112.320829
04013060904,Census Tract 609.04; Maricopa County; Arizona,0.8067,31.6,16.2,4.7,9.6,33.602426,-112.311409
04013061010,Census Tract 610.10; Maricopa County; Arizona,0.177,9.4,5.4,1.1,20.5,33.496736,-112.358674
04013061011,Census Tract 610.11; Maricopa County; Arizona,0.442,15.7,4.7,2.2,6.3,33.532807,-112.326256
04013061013,Census Tract 610.13; Maricopa County; Arizona,0.3062,21.5,6.2,1.1,8.5,33.500333,-112.325913
04013061014,Census Tract 610.14; Maricopa County; Arizona,0.4043,20.3,6.3,0.0,6.4,33.488665,-112.327457
04013061015,Census Tract 610.15; Maricopa County; Arizona,0.5499,9.3,7.9,6.1,15.0,33.471502,-112.329498
04013061017,Census Tract 610.17; Maricopa County; Arizona,0.0,,,,4.1,33.469733,-112.444025
04013061018,Census Tract 610.18; Maricopa County; Arizona,0.1943,4.7,2.7,1.6,86.2,33.485044,-112.394973
04013061020,Census Tract 610.20; Maricopa County; Arizona,0.3771,9.8,9.4,1.8,14.0,33.485035,-112.368267
04013061021,Census Tract 610.21; Maricopa County; Arizona,0.1469,6.3,8.5,0.5,7.0,33.486153,-112.349408
04013061024,Census Tract 610.24; Maricopa County; Arizona,0.4826,5.6,9.4,2.1,13.5,33.416609,-112.408364
04013061026,Census Tract 610.26; Maricopa County; Arizona,0.6522,18.9,14.5,2.4,13.7,33.631662,-112.420672
04013061027,Census Tract 610.27; Maricopa County; Arizona,0.5424,11.9,22.4,3.9,11.1,33.630818,-112.403497
04013061028,Census Tract 610.28; Maricopa County; Arizona,0.7907,22.7,9.1,12.2,14.2,33.631085,-112.375891
04013061029,Census Tract 610.29; Maricopa County; Arizona,0.619,15.7,7.9,4.8,16.6,33.632454,-112.349019
04013061031,Census Tract 610.31; Maricopa County; Arizona,0.337,15.6,2.7,2.7,11.7,33.604082,-112.432484
04013061032,Census Tract 610.32; Maricopa County; Arizona,0.1109,7.0,5.2,0.0,9.5,33.617653,-112.401633
04013061033,Census Tract 610.33; Maricopa County; Arizona,0.4881,11.2,7.9,5.5,10.6,33.617515,-112.385707
04013061034,Census Tract 610.34; Maricopa County; Arizona,0.342,7.4,6.8,1.6,8.1,33.617318,-112.368902
04013061035,Census Tract 610.35; Maricopa County; Arizona,0.4452,12.3,13.2,0.0,13.9,33.616724,-112.349242
04013061036,Census Tract 610.36; Maricopa County; Arizona,0.1435,6.0,3.7,4.1,12.4,33.588855,-112.403462
04013061037,Census Tract 610.37; Maricopa County; Arizona,0.1534,7.1,6.3,0.0,9.7,33.603026,-112.385627
04013061038,Census Tract 610.38; Maricopa County; Arizona,0.6211,28.2,13.4,3.3,8.3,33.589543,-112.386154
04013061039,Census Tract 610.39; Maricopa County; Arizona,0.1414,3.2,5.2,0.6,8.6,33.596795,-112.357173
04013061040,Census Tract 610.40; Maricopa County; Arizona,0.4974,16.1,7.6,0.0,7.8,33.601381,-112.336754
04013061041,Census Tract 610.41; Maricopa County; Arizona,0.4966,21.2,11.7,1.1,5.2,33.600365,-112.330035
04013061042,Census Tract 610.42; Maricopa County; Arizona,0.6738,26.1,4.5,2.6,36.5,33.588045,-112.314565
04013061043,Census Tract 610.43; Maricopa County; Arizona,0.404,15.5,15.9,0.5,8.1,33.572599,-112.334395
04013061044,Census Tract 610.44; Maricopa County; Arizona,0.2235,14.4,4.9,1.4,9.9,33.563576,-112.392871
04013061045,Census Tract 610.45; Maricopa County; Arizona,0.4946,10.7,13.6,1.5,21.2,33.527437,-112.399941
04013061046,Census Tract 610.46; Maricopa County; Arizona,0.8828,26.1,17.1,7.5,10.3,33.532092,-112.351188
04013061047,Census Tract 610.47; Maricopa County; Arizona,0.0982,7.2,3.8,0.9,12.3,33.516521,-112.35099
04013061048,Census Tract 610.48; Maricopa County; Arizona,0.3234,13.0,5.2,2.6,14.5,33.471456,-112.35226
04013061049,Census Tract 610.49; Maricopa County; Arizona,0.1199,19.2,1.0,0.0,12.0,33.429078,-112.402772
04013061050,Census Tract 610.50; Maricopa County; Arizona,0.5036,13.4,9.3,1.6,12.0,33.427927,-112.427794
04013061051,Census Tract 610.51; Maricopa County; Arizona,0.1808,3.9,7.7,3.6,10.9,33.442908,-112.420323
04013061052,Census Tract 610.52; Maricopa County; Arizona,0.5682,14.1,11.6,2.6,6.5,33.443461,-112.398237
04013061053,Census Tract 610.53; Maricopa County; Arizona,0.8107,28.6,12.9,3.6,7.3,33.455859,-112.403911
04013061054,Census Tract 610.54; Maricopa County; Arizona,0.378,8.7,4.9,1.9,31.6,33.468493,-112.404663
04013061055,Census Tract 610.55; Maricopa County; Arizona,0.4127,13.2,6.9,2.9,7.8,33.498004,-112.39678
04013061056,Census Tract 610.56; Maricopa County; Arizona,0.1127,5.5,5.7,0.0,9.5,33.487305,-112.450702
04013061057,Census Tract 610.57; Maricopa County; Arizona,0.4477,10.0,7.0,0.0,10.7,33.454189,-112.44438
04013061058,Census Tract 610.58; Maricopa County; Arizona,0.2467,14.6,4.2,0.7,7.2,33.404347,-112.410933
04013061059,Census Tract 610.59; Maricopa County; Arizona,0.1354,14.6,4.1,1.0,9.2,33.619656,-112.445863
04013061060,Census Tract 610.60; Maricopa County; Arizona,0.5198,9.0,18.0,0.0,15.0,33.61588,-112.433914
04013061061,Census Tract 610.61; Maricopa County; Arizona,0.1287,6.8,6.2,0.0,12.4,33.632254,-112.431058
04013061062,Census Tract 610.62; Maricopa County; Arizona,0.2629,11.1,4.5,3.5,12.0,33.632519,-112.44869
04013061063,Census Tract 610.63; Maricopa County; Arizona,0.4629,24.7,20.6,0.0,10.0,33.455442,-112.361033
04013061064,Census Tract 610.64; Maricopa County; Arizona,0.1912,9.4,8.6,1.7,12.2,33.470808,-112.367742
04013061100,Census Tract 611; Maricopa County; Arizona,0.415,13.9,0.3,1.2,0.0,33.533337,-112.370087
04013061200,Census Tract 612; Maricopa County; Arizona,0.9942,47.8,12.2,7.3,9.1,33.444908,-112.342681
04013061300,Census Tract 613; Maricopa County; Arizona,0.8365,36.6,32.6,10.3,16.2,33.436951,-112.35778
04013061401,Census Tract 614.01; Maricopa County; Arizona,0.9312,39.7,15.3,9.9,10.5,33.432526,-112.350416
04013061402,Census Tract 614.02; Maricopa County; Arizona,0.9404,28.2,15.0,13.9,10.7,33.427092,-112.343562
04013071503,Census Tract 715.03; Maricopa County; Arizona,0.2957,17.4,0.9,10.1,78.9,33.61324,-112.278745
04013071504,Census Tract 715.04; Maricopa County; Arizona,0.0327,17.0,0.0,1.4,82.8,33.626643,-112.281507
04013071505,Census Tract 715.05; Maricopa County; Arizona,0.4229,18.7,1.9,5.6,62.5,33.62551,-112.299631
04013071506,Census Tract 715.06; Maricopa County; Arizona,0.1662,17.3,4.2,1.9,76.2,33.62608,-112.265612
04013071509,Census Tract 715.09; Maricopa County; Arizona,0.4635,12.8,5.2,1.3,17.4,33.624961,-112.229005
04013071510,Census Tract 715.10; Maricopa County; Arizona,0.0722,4.9,1.9,0.0,15.6,33.602238,-112.212787
04013071511,Census Tract 715.11; Maricopa County; Arizona,0.7133,19.4,9.4,2.3,12.1,33.630159,-112.210903
04013071512,Census Tract 715.12; Maricopa County; Arizona,0.3647,18.0,12.0,2.6,15.1,33.603722,-112.228774
04013071513,Census Tract 715.13; Maricopa County; Arizona,0.5421,12.7,7.6,1.1,27.6,33.620538,-112.212373
04013071514,Census Tract 715.14; Maricopa County; Arizona,0.2927,13.8,3.0,2.3,14.2,33.6298,-112.244347
04013071515,Census Tract 715.15; Maricopa County; Arizona,0.5198,11.6,5.3,12.5,30.1,33.620075,-112.248791
04013071516,Census Tract 715.16; Maricopa County; Arizona,0.773,12.5,6.2,18.3,33.1,33.603208,-112.261194
04013071517,Census Tract 715.17; Maricopa County; Arizona,0.2228,8.6,10.0,2.8,10.8,33.598391,-112.250411
04013071600,Census Tract 716; Maricopa County; Arizona,0.9303,30.1,13.4,12.8,19.0,33.588676,-112.305509
04013071701,Census Tract 717.01; Maricopa County; Arizona,0.6709,21.9,5.1,4.7,14.9,33.575303,-112.304386
04013071702,Census Tract 717.02; Maricopa County; Arizona,0.4036,20.7,4.4,4.8,74.6,33.583853,-112.29398
04013071801,Census Tract 718.01; Maricopa County; Arizona,0.6867,28.4,3.4,11.3,65.1,33.588811,-112.274596
04013071802,Census Tract 718.02; Maricopa County; Arizona,0.4529,23.4,4.5,4.6,76.0,33.572562,-112.278907
04013071903,Census Tract 719.03; Maricopa County; Arizona,0.6845,16.7,15.6,1.9,23.1,33.588948,-112.212594
04013071906,Census Tract 719.06; Maricopa County; Arizona,0.8164,18.5,17.5,5.2,14.2,33.575019,-112.247865
04013071909,Census Tract 719.09; Maricopa County; Arizona,0.6435,11.7,8.8,2.8,21.3,33.570887,-112.267574
04013071910,Census Tract 719.10; Maricopa County; Arizona,0.7475,29.2,7.9,0.0,8.7,33.586689,-112.230871
04013071911,Census Tract 719.11; Maricopa County; Arizona,0.7444,23.7,22.3,0.9,7.9,33.575635,-112.230182
04013071912,Census Tract 719.12; Maricopa County; Arizona,0.8689,24.1,15.8,3.5,11.4,33.586265,-112.254169
04013071913,Census Tract 719.13; Maricopa County; Arizona,0.9954,44.7,11.4,11.3,16.8,33.589408,-112.247154
04013071914,Census Tract 719.14; Maricopa County; Arizona,0.5078,27.4,19.4,0.0,7.8,33.575022,-112.216424
04013071915,Census Tract 719.15; Maricopa County; Arizona,0.5621,11.6,11.5,0.7,15.6,33.572604,-112.207017
04013082002,Census Tract 820.02; Maricopa County; Arizona,0.6391,24.7,13.8,1.9,8.3,33.5001,-112.281889
04013082007,Census Tract 820.07; Maricopa County; Arizona,0.8698,22.0,15.1,1.2,13.5,33.503065,-112.25074
04013082008,Census Tract 820.08; Maricopa County; Arizona,0.6533,23.1,26.8,1.5,8.0,33.502421,-112.241753
04013082009,Census Tract 820.09; Maricopa County; Arizona,0.8057,23.3,19.8,9.7,5.7,33.485623,-112.251317
04013082010,Census Tract 820.10; Maricopa County; Arizona,0.7047,21.9,12.8,0.0,3.7,33.488278,-112.242634
04013082012,Census Tract 820.12; Maricopa County; Arizona,0.6681,21.6,15.0,5.1,5.4,33.498602,-112.303182
04013082016,Census Tract 820.16; Maricopa County; Arizona,0.759,21.4,9.1,5.1,15.2,33.497402,-112.264721
04013082017,Census Tract 820.17; Maricopa County; Arizona,0.9054,21.0,21.1,3.4,4.8,33.470478,-112.263716
04013082018,Census Tract 820.18; Maricopa County; Arizona,0.7467,22.6,29.8,1.8,5.7,33.473789,-112.247011
04013082019,Census Tract 820.19; Maricopa County; Arizona,0.5209,8.9,5.5,3.7,17.9,33.490631,-112.306275
04013082020,Census Tract 820.20; Maricopa County; Arizona,0.2832,9.1,9.9,0.0,14.5,33.4825,-112.306728
04013082021,Census Tract 820.21; Maricopa County; Arizona,0.3069,7.3,12.7,1.3,10.5,33.487826,-112.28304
04013082022,Census Tract 820.22; Maricopa County; Arizona,0.8889,32.2,10.4,6.2,5.4,33.469629,-112.317031
04013082023,Census Tract 820.23; Maricopa County; Arizona,0.487,14.3,5.4,0.5,11.4,33.46912,-112.299323
04013082024,Census Tract 820.24; Maricopa County; Arizona,0.7961,20.0,21.4,5.8,6.6,33.469459,-112.281198
04013082025,Census Tract 820.25; Maricopa County; Arizona,0.1806,10.9,9.4,0.0,7.3,33.447836,-112.322394
04013082026,Census Tract 820.26; Maricopa County; Arizona,0.6408,18.1,9.3,2.3,7.7,33.441687,-112.314269
04013082027,Census Tract 820.27; Maricopa County; Arizona,0.7596,26.3,14.3,1.6,5.1,33.447337,-112.293582
04013082028,Census Tract 820.28; Maricopa County; Arizona,0.8477,26.4,31.7,2.6,9.8,33.469625,-112.246485
04013082204,Census Tract 822.04; Maricopa County; Arizona,0.6761,19.6,21.9,0.5,3.8,33.400866,-112.265076
04013082205,Census Tract 822.05; Maricopa County; Arizona,0.6063,19.4,18.5,1.3,3.5,33.431419,-112.246856
04013082206,Census Tract 822.06; Maricopa County; Arizona,0.4476,31.7,13.1,0.8,2.9,33.402229,-112.245464
04013082207,Census Tract 822.07; Maricopa County; Arizona,0.5114,23.3,7.7,1.3,4.5,33.396075,-112.289895
04013082208,Census Tract 822.08; Maricopa County; Arizona,0.8174,26.4,20.7,4.3,8.3,33.400579,-112.333216
04013082209,Census Tract 822.09; Maricopa County; Arizona,0.9395,33.1,15.7,18.0,19.5,33.431962,-112.297151
04013082210,Census Tract 822.10; Maricopa County; Arizona,0.7136,15.3,15.5,7.0,4.7,33.426129,-112.299923
04013082211,Census Tract 822.11; Maricopa County; Arizona,0.381,19.0,15.4,1.4,4.1,33.42795,-112.327137
04013082212,Census Tract 822.12; Maricopa County; Arizona,0.5682,18.8,13.3,0.0,6.3,33.415122,-112.283617
04013082213,Census Tract 822.13; Maricopa County; Arizona,0.4019,15.1,10.9,0.0,2.7,33.428289,-112.282665
04013083000,Census Tract 830; Maricopa County; Arizona,0.9335,45.1,10.1,11.2,22.1,33.450123,-112.261489
04013092305,Census Tract 923.05; Maricopa County; Arizona,0.9015,39.3,12.1,1.5,11.7,33.572078,-112.196954
04013092306,Census Tract 923.06; Maricopa County; Arizona,0.578,24.8,11.3,3.3,15.2,33.574003,-112.178867
04013092307,Census Tract 923.07; Maricopa County; Arizona,0.8515,27.5,15.1,21.0,23.0,33.561904,-112.17956
04013092308,Census Tract 923.08; Maricopa County; Arizona,0.8812,33.0,11.5,2.1,11.7,33.576033,-112.160691
04013092309,Census Tract 923.09; Maricopa County; Arizona,0.7671,14.1,9.5,4.3,14.9,33.56032,-112.161604
04013092311,Census Tract 923.11; Maricopa County; Arizona,0.9723,46.7,23.7,22.6,18.0,33.562007,-112.188419
04013092312,Census Tract 923.12; Maricopa County; Arizona,0.9258,22.0,15.0,20.7,20.5,33.55887,-112.198518
04013092401,Census Tract 924.01; Maricopa County; Arizona,0.8997,37.4,15.5,15.0,12.2,33.547787,-112.164878
04013092402,Census Tract 924.02; Maricopa County; Arizona,0.9757,42.4,5.5,18.2,26.6,33.546041,-112.156292
04013092500,Census Tract 925; Maricopa County; Arizona,0.9886,31.3,9.0,15.5,19.9,33.544327,-112.178901
04013092600,Census Tract 926; Maricopa County; Arizona,0.9952,31.6,23.8,5.3,5.8,33.546305,-112.195022
04013092705,Census Tract 927.05; Maricopa County; Arizona,0.8762,26.5,16.1,2.9,5.1,33.545341,-112.212499
04013092708,Census Tract 927.08; Maricopa County; Arizona,0.7689,21.7,4.9,4.8,10.8,33.55968,-112.265225
04013092709,Census Tract 927.09; Maricopa County; Arizona,0.5138,20.4,12.8,0.7,10.7,33.558928,-112.246426
04013092710,Census Tract 927.10; Maricopa County; Arizona,0.6523,14.3,23.6,1.7,11.7,33.530929,-112.245407
04013092711,Census Tract 927.11; Maricopa County; Arizona,0.8518,32.7,12.3,5.8,11.9,33.54382,-112.22941
04013092712,Census Tract 927.12; Maricopa County; Arizona,0.7913,19.3,19.2,1.9,6.7,33.532292,-112.230645
04013092713,Census Tract 927.13; Maricopa County; Arizona,0.6872,24.9,10.9,0.2,9.6,33.516914,-112.229609
04013092715,Census Tract 927.15; Maricopa County; Arizona,0.8036,18.0,16.2,2.6,6.3,33.5201,-112.21128
04013092716,Census Tract 927.16; Maricopa County; Arizona,0.9333,38.4,12.9,10.4,9.0,33.512817,-112.212823
04013092717,Census Tract 927.17; Maricopa County; Arizona,0.871,42.1,8.6,11.0,5.1,33.534878,-112.211784
04013092718,Census Tract 927.18; Maricopa County; Arizona,0.9052,45.0,23.2,8.2,7.7,33.527615,-112.211368
04013092719,Census Tract 927.19; Maricopa County; Arizona,0.7786,8.6,15.2,6.9,7.6,33.516131,-112.283317
04013092720,Census Tract 927.20; Maricopa County; Arizona,0.7291,18.8,19.6,7.6,5.7,33.532549,-112.286848
04013092721,Census Tract 927.21; Maricopa County; Arizona,0.3555,8.2,9.2,2.6,9.2,33.54718,-112.248554
04013092723,Census Tract 927.23; Maricopa County; Arizona,0.6499,7.9,13.9,4.4,7.7,33.55984,-112.298493
04013092724,Census Tract 927.24; Maricopa County; Arizona,0.8853,30.6,10.6,2.8,21.3,33.561196,-112.280459
04013092801,Census Tract 928.01; Maricopa County; Arizona,0.9965,39.1,29.7,20.7,6.9,33.533937,-112.194282
04013092802,Census Tract 928.02; Maricopa County; Arizona,0.9919,54.8,25.3,5.5,5.9,33.528117,-112.195031
04013092900,Census Tract 929; Maricopa County; Arizona,0.9874,52.1,31.5,12.8,7.3,33.532771,-112.180067
04013093001,Census Tract 930.01; Maricopa County; Arizona,0.9809,56.0,17.4,7.6,10.0,33.533333,-112.161444
04013093002,Census Tract 930.02; Maricopa County; Arizona,0.9925,37.4,20.3,9.3,8.0,33.527395,-112.160989
04013093101,Census Tract 931.01; Maricopa County; Arizona,0.9917,51.2,21.2,9.0,5.4,33.519473,-112.157306
04013093104,Census Tract 931.04; Maricopa County; Arizona,0.9997,42.8,26.8,14.7,5.8,33.512918,-112.170284
04013093105,Census Tract 931.05; Maricopa County; Arizona,0.9776,41.5,25.2,21.7,9.3,33.520413,-112.195557
04013093106,Census Tract 931.06; Maricopa County; Arizona,0.9953,42.9,20.8,7.7,10.4,33.514155,-112.194003
04013093200,Census Tract 932; Maricopa County; Arizona,0.9556,37.3,20.8,1.3,6.2,33.559631,-112.217587
04013103205,Census Tract 1032.05; Maricopa County; Arizona,0.3545,9.3,10.6,1.5,15.3,33.602462,-111.972202
04013103206,Census Tract 1032.06; Maricopa County; Arizona,0.0143,5.4,0.7,1.0,20.6,33.603852,-111.951947
04013103207,Census Tract 1032.07; Maricopa County; Arizona,0.156,5.6,0.9,4.0,21.0,33.603213,-111.936784
04013103208,Census Tract 1032.08; Maricopa County; Arizona,0.2318,11.6,2.6,2.7,40.9,33.594129,-111.98647
04013103209,Census Tract 1032.09; Maricopa County; Arizona,0.2244,7.0,1.8,1.9,33.7,33.590227,-111.968478
04013103210,Census Tract 1032.10; Maricopa County; Arizona,0.6419,19.9,7.0,7.9,23.8,33.604673,-111.988736
04013103211,Census Tract 1032.11; Maricopa County; Arizona,0.0696,8.6,2.7,1.0,17.8,33.617899,-111.988501
04013103212,Census Tract 1032.12; Maricopa County; Arizona,0.1478,7.2,7.1,0.6,20.5,33.618354,-111.969387
04013103214,Census Tract 1032.14; Maricopa County; Arizona,0.0767,10.7,2.7,1.0,19.5,33.617701,-111.953503
04013103215,Census Tract 1032.15; Maricopa County; Arizona,0.1222,7.6,7.1,0.0,19.5,33.63496,-111.986034
04013103216,Census Tract 1032.16; Maricopa County; Arizona,0.3152,8.5,2.5,0.7,16.1,33.634141,-111.969806
04013103217,Census Tract 1032.17; Maricopa County; Arizona,0.5642,13.7,3.6,3.9,19.0,33.634332,-111.95421
04013103219,Census Tract 1032.19; Maricopa County; Arizona,0.1473,5.7,2.9,1.1,29.9,33.632016,-111.936641
04013103220,Census Tract 1032.20; Maricopa County; Arizona,0.1224,6.6,3.2,2.8,17.1,33.61897,-111.936196
04013103302,Census Tract 1033.02; Maricopa County; Arizona,0.5975,24.6,15.4,4.9,8.7,33.618513,-112.004961
04013103303,Census Tract 1033.03; Maricopa County; Arizona,0.73,11.8,17.1,0.9,24.1,33.633826,-112.006002
04013103304,Census Tract 1033.04; Maricopa County; Arizona,0.9738,39.7,20.9,17.4,6.3,33.633831,-112.016919
04013103305,Census Tract 1033.05; Maricopa County; Arizona,0.9808,47.4,33.5,3.9,6.1,33.63652,-112.02552
04013103306,Census Tract 1033.06; Maricopa County; Arizona,0.9936,46.7,23.4,12.0,6.4,33.62974,-112.025792
04013103400,Census Tract 1034; Maricopa County; Arizona,0.4929,12.3,11.5,2.5,18.9,33.606085,-112.004765
04013103501,Census Tract 1035.01; Maricopa County; Arizona,0.445,14.5,9.5,0.0,28.2,33.620907,-112.022693
04013103502,Census Tract 1035.02; Maricopa County; Arizona,0.6265,16.9,12.1,4.2,18.7,33.607455,-112.02703
04013103604,Census Tract 1036.04; Maricopa County; Arizona,0.8062,22.5,22.4,6.0,18.3,33.634571,-112.084861
04013103605,Census Tract 1036.05; Maricopa County; Arizona,0.0895,5.5,1.1,1.4,26.4,33.618732,-112.086036
04013103606,Census Tract 1036.06; Maricopa County; Arizona,0.264,23.0,14.2,2.0,17.9,33.632928,-112.040884
04013103607,Census Tract 1036.07; Maricopa County; Arizona,0.2642,16.2,10.2,2.8,19.8,33.618297,-112.04296
04013103608,Census Tract 1036.08; Maricopa County; Arizona,0.7216,20.1,13.3,6.6,8.1,33.631628,-112.111012
04013103609,Census Tract 1036.09; Maricopa County; Arizona,0.8261,27.0,8.7,13.8,8.9,33.617988,-112.108352
04013103611,Census Tract 1036.11; Maricopa County; Arizona,0.1159,5.7,4.6,0.0,23.4,33.628456,-112.054964
04013103612,Census Tract 1036.12; Maricopa County; Arizona,0.3759,8.6,10.7,8.1,20.3,33.629664,-112.080911
04013103614,Census Tract 1036.14; Maricopa County; Arizona,0.2296,19.1,4.1,1.9,22.2,33.604503,-112.084903
04013103615,Census Tract 1036.15; Maricopa County; Arizona,0.9974,48.3,20.7,11.6,8.4,33.595138,-112.080657
04013103701,Census Tract 1037.01; Maricopa County; Arizona,0.9015,36.6,17.6,3.5,16.6,33.605943,-112.04872
04013103702,Census Tract 1037.02; Maricopa County; Arizona,0.5311,6.7,4.3,0.7,24.2,33.591562,-112.057098
04013103900,Census Tract 1039; Maricopa County; Arizona,0.6014,25.8,6.5,4.7,11.3,33.602506,-112.107032
04013104000,Census Tract 1040; Maricopa County; Arizona,0.954,36.9,16.6,12.5,13.5,33.602718,-112.125818
04013104100,Census Tract 1041; Maricopa County; Arizona,0.749,28.5,7.5,7.9,8.9,33.618758,-112.126116
04013104202,Census Tract 1042.02; Maricopa County; Arizona,0.4728,20.6,12.5,2.3,15.5,33.617226,-112.143202
04013104203,Census Tract 1042.03; Maricopa County; Arizona,0.6213,8.0,9.8,1.5,11.3,33.587412,-112.14423
04013104204,Census Tract 1042.04; Maricopa County; Arizona,0.5729,28.1,12.7,4.3,12.0,33.590475,-112.158959
04013104205,Census Tract 1042.05; Maricopa County; Arizona,0.898,28.0,16.6,22.9,16.7,33.577093,-112.132854
04013104206,Census Tract 1042.06; Maricopa County; Arizona,0.7165,20.9,10.9,2.3,14.0,33.573998,-112.144834
04013104207,Census Tract 1042.07; Maricopa County; Arizona,0.3876,15.8,3.4,3.9,20.1,33.633143,-112.12724
04013104212,Census Tract 1042.12; Maricopa County; Arizona,0.7169,15.3,10.8,0.0,15.1,33.604775,-112.143558
04013104214,Census Tract 1042.14; Maricopa County; Arizona,0.7583,25.5,4.9,18.1,35.8,33.632847,-112.178377
04013104215,Census Tract 1042.15; Maricopa County; Arizona,0.6736,14.3,10.8,4.0,14.5,33.631665,-112.195845
04013104216,Census Tract 1042.16; Maricopa County; Arizona,0.708,17.4,9.2,8.6,12.3,33.619496,-112.195794
04013104217,Census Tract 1042.17; Maricopa County; Arizona,0.739,25.3,8.5,11.6,18.6,33.617588,-112.176599
04013104218,Census Tract 1042.18; Maricopa County; Arizona,0.5808,13.9,13.9,0.0,9.7,33.616586,-112.162269
04013104219,Census Tract 1042.19; Maricopa County; Arizona,0.3201,16.6,15.4,2.2,11.4,33.603215,-112.15987
04013104221,Census Tract 1042.21; Maricopa County; Arizona,0.4944,12.3,8.5,3.6,18.1,33.590358,-112.176782
04013104222,Census Tract 1042.22; Maricopa County; Arizona,0.4807,11.5,4.2,5.5,11.5,33.588748,-112.196211
04013104223,Census Tract 1042.23; Maricopa County; Arizona,0.127,9.0,2.0,0.0,27.3,33.603808,-112.194344
04013104224,Census Tract 1042.24; Maricopa County; Arizona,0.6057,16.0,4.8,10.8,17.8,33.603912,-112.177643
04013104225,Census Tract 1042.25; Maricopa County; Arizona,0.4506,13.8,9.0,2.5,16.3,33.633896,-112.160119
04013104226,Census Tract 1042.26; Maricopa County; Arizona,0.7092,29.1,5.7,8.0,12.6,33.632596,-112.142256
04013104227,Census Tract 1042.27; Maricopa County; Arizona,0.5511,29.3,7.3,3.3,19.9,33.587612,-112.16373
04013104301,Census Tract 1043.01; Maricopa County; Arizona,0.6792,18.2,21.3,0.7,12.0,33.590099,-112.127762
04013104302,Census Tract 1043.02; Maricopa County; Arizona,0.8793,34.3,16.9,17.2,12.8,33.590434,-112.122819
04013104401,Census Tract 1044.01; Maricopa County; Arizona,0.9881,40.0,13.2,22.4,16.7,33.590617,-112.108385
04013104402,Census Tract 1044.02; Maricopa County; Arizona,0.8413,16.1,9.3,14.5,19.8,33.573719,-112.107262
04013104501,Census Tract 1045.01; Maricopa County; Arizona,0.996,49.2,22.8,16.3,7.6,33.571952,-112.091117
04013104502,Census Tract 1045.02; Maricopa County; Arizona,0.9595,33.6,21.4,13.9,7.2,33.578072,-112.088
04013104600,Census Tract 1046; Maricopa County; Arizona,0.8728,35.1,11.9,8.5,14.8,33.575709,-112.073647
04013104701,Census Tract 1047.01; Maricopa County; Arizona,0.8455,25.7,13.3,10.4,12.8,33.577867,-112.059551
04013104702,Census Tract 1047.02; Maricopa County; Arizona,0.9702,39.3,22.7,16.7,15.4,33.573899,-112.054827
04013104801,Census Tract 1048.01; Maricopa County; Arizona,0.085,8.8,3.0,2.1,18.5,33.580889,-112.034976
04013104802,Census Tract 1048.02; Maricopa County; Arizona,0.5161,17.6,9.8,3.7,23.5,33.59058,-112.029352
04013104900,Census Tract 1049; Maricopa County; Arizona,0.2868,9.2,6.5,2.7,18.7,33.590195,-112.006225
04013105002,Census Tract 1050.02; Maricopa County; Arizona,0.1051,15.5,6.1,2.3,29.0,33.520237,-111.948922
04013105003,Census Tract 1050.03; Maricopa County; Arizona,0.0043,6.4,1.3,0.0,26.3,33.564478,-111.955288
04013105004,Census Tract 1050.04; Maricopa County; Arizona,0.0953,11.0,0.6,0.0,32.3,33.547226,-111.955444
04013105101,Census Tract 1051.01; Maricopa County; Arizona,0.0347,4.6,3.0,0.6,20.4,33.57177,-111.997695
04013105102,Census Tract 1051.02; Maricopa County; Arizona,0.0456,8.4,0.5,4.4,24.2,33.556366,-112.014811
04013105103,Census Tract 1051.03; Maricopa County; Arizona,0.0577,5.0,10.0,0.0,35.3,33.536994,-111.991994
04013105200,Census Tract 1052; Maricopa County; Arizona,0.602,16.2,8.2,3.5,20.8,33.560932,-112.049641
04013105300,Census Tract 1053; Maricopa County; Arizona,0.6984,18.0,18.2,10.1,20.6,33.561169,-112.0731
04013105400,Census Tract 1054; Maricopa County; Arizona,0.3521,5.5,5.6,4.9,25.3,33.56001,-112.09308
04013105501,Census Tract 1055.01; Maricopa County; Arizona,0.7806,28.9,15.0,10.5,4.3,33.561068,-112.112649
04013105502,Census Tract 1055.02; Maricopa County; Arizona,0.9489,41.4,12.8,20.5,6.0,33.563711,-112.104072
04013105503,Census Tract 1055.03; Maricopa County; Arizona,0.7615,38.5,18.8,26.5,5.4,33.557591,-112.104432
04013105601,Census Tract 1056.01; Maricopa County; Arizona,0.6734,23.8,21.1,5.9,8.0,33.560998,-112.121301
04013105602,Census Tract 1056.02; Maricopa County; Arizona,0.9017,40.2,14.4,9.4,5.0,33.559423,-112.130491
04013105701,Census Tract 1057.01; Maricopa County; Arizona,0.8717,26.7,7.2,7.4,14.1,33.560326,-112.148414
04013105702,Census Tract 1057.02; Maricopa County; Arizona,0.8884,28.3,18.6,9.0,8.9,33.561352,-112.139218
04013105800,Census Tract 1058; Maricopa County; Arizona,0.5726,10.7,12.5,2.2,13.9,33.545989,-112.144484
04013105900,Census Tract 1059; Maricopa County; Arizona,0.9529,23.8,12.2,23.3,17.7,33.546984,-112.127617
04013106001,Census Tract 1060.01; Maricopa County; Arizona,0.9795,42.3,15.5,12.9,9.0,33.547418,-112.114948
04013106002,Census Tract 1060.02; Maricopa County; Arizona,0.7721,29.2,25.5,14.5,20.7,33.550408,-112.106557
04013106003,Census Tract 1060.03; Maricopa County; Arizona,0.9659,39.7,28.6,9.6,7.4,33.542782,-112.106636
04013106100,Census Tract 1061; Maricopa County; Arizona,0.736,14.7,6.9,21.5,31.4,33.545071,-112.0927
04013106200,Census Tract 1062; Maricopa County; Arizona,0.0833,9.2,1.9,0.0,25.6,33.546337,-112.074808
04013106300,Census Tract 1063; Maricopa County; Arizona,0.5642,11.5,5.7,16.8,27.1,33.548755,-112.055481
04013106400,Census Tract 1064; Maricopa County; Arizona,0.3876,14.1,11.1,1.8,12.8,33.530148,-112.037409
04013106501,Census Tract 1065.01; Maricopa County; Arizona,0.5448,12.6,6.7,11.2,11.7,33.531453,-112.060651
04013106502,Census Tract 1065.02; Maricopa County; Arizona,0.683,16.8,11.2,6.9,18.2,33.53099,-112.052369
04013106600,Census Tract 1066; Maricopa County; Arizona,0.5604,12.9,5.3,7.4,29.2,33.531868,-112.074701
04013106701,Census Tract 1067.01; Maricopa County; Arizona,0.929,43.2,14.6,21.2,7.3,33.535257,-112.096377
04013106702,Census Tract 1067.02; Maricopa County; Arizona,0.6513,14.9,9.1,13.1,25.7,33.535548,-112.087656
04013106703,Census Tract 1067.03; Maricopa County; Arizona,0.1505,10.5,9.8,1.9,17.8,33.528048,-112.09301
04013106801,Census Tract 1068.01; Maricopa County; Arizona,0.9933,71.2,17.5,29.9,2.4,33.531658,-112.114771
04013106802,Census Tract 1068.02; Maricopa County; Arizona,0.945,18.8,13.3,12.7,17.0,33.532082,-112.106866
04013106900,Census Tract 1069; Maricopa County; Arizona,0.7485,34.2,24.6,0.9,8.7,33.531847,-112.125604
04013107001,Census Tract 1070.01; Maricopa County; Arizona,0.8688,34.7,27.9,4.0,9.5,33.531357,-112.148685
04013107002,Census Tract 1070.02; Maricopa County; Arizona,0.925,42.5,13.1,7.2,11.7,33.532192,-112.13859
04013107101,Census Tract 1071.01; Maricopa County; Arizona,0.9131,37.8,18.7,3.2,6.4,33.519711,-112.145097
04013107102,Census Tract 1071.02; Maricopa County; Arizona,0.9013,34.3,21.7,5.1,7.3,33.513527,-112.145633
04013107201,Census Tract 1072.01; Maricopa County; Arizona,0.9391,58.6,15.0,5.3,1.1,33.514017,-112.126006
04013107202,Census Tract 1072.02; Maricopa County; Arizona,0.8069,32.8,24.8,2.6,6.2,33.520377,-112.126539
04013107300,Census Tract 1073; Maricopa County; Arizona,0.9368,32.9,21.1,6.4,9.3,33.51652,-112.108485
04013107401,Census Tract 1074.01; Maricopa County; Arizona,0.5902,10.9,7.5,12.4,14.7,33.515077,-112.087811
04013107402,Census Tract 1074.02; Maricopa County; Arizona,0.8857,33.6,8.9,15.3,4.0,33.511988,-112.096271
04013107403,Census Tract 1074.03; Maricopa County; Arizona,0.9244,62.1,9.8,39.5,11.0,33.51527,-112.09615
04013107404,Census Tract 1074.04; Maricopa County; Arizona,0.8836,67.9,5.7,17.8,4.3,33.520948,-112.096087
04013107500,Census Tract 1075; Maricopa County; Arizona,0.1511,9.6,13.0,2.7,15.8,33.516914,-112.073735
04013107601,Census Tract 1076.01; Maricopa County; Arizona,0.534,23.6,7.3,16.4,25.2,33.516489,-112.061066
04013107602,Census Tract 1076.02; Maricopa County; Arizona,0.3788,16.2,5.9,8.7,10.2,33.516937,-112.052972
04013107700,Census Tract 1077; Maricopa County; Arizona,0.1582,4.7,4.2,10.2,16.6,33.516581,-112.040488
04013107800,Census Tract 1078; Maricopa County; Arizona,0.0694,9.6,1.1,4.8,45.0,33.523156,-112.022663
04013107900,Census Tract 1079; Maricopa County; Arizona,0.4347,15.9,11.3,14.9,26.1,33.514494,-111.973069
04013108000,Census Tract 1080; Maricopa County; Arizona,0.0116,1.8,1.1,1.3,22.2,33.495075,-111.961848
04013108100,Census Tract 1081; Maricopa County; Arizona,0.0804,2.5,16.0,2.2,9.3,33.505613,-111.983557
04013108200,Census Tract 1082; Maricopa County; Arizona,0.2955,16.2,4.6,5.7,15.9,33.500976,-111.988386
04013108301,Census Tract 1083.01; Maricopa County; Arizona,0.2096,7.7,6.6,2.0,17.7,33.510911,-112.005079
04013108302,Census Tract 1083.02; Maricopa County; Arizona,0.4415,19.2,9.1,4.1,15.9,33.499392,-112.005458
04013108400,Census Tract 1084; Maricopa County; Arizona,0.5092,16.9,7.8,14.6,17.4,33.500325,-112.023187
04013108501,Census Tract 1085.01; Maricopa County; Arizona,0.4977,25.2,15.8,1.9,9.1,33.50265,-112.043617
04013108502,Census Tract 1085.02; Maricopa County; Arizona,0.1074,10.8,12.1,2.7,10.5,33.501326,-112.034556
04013108601,Census Tract 1086.01; Maricopa County; Arizona,0.9447,33.0,15.4,18.8,13.7,33.498076,-112.059273
04013108602,Census Tract 1086.02; Maricopa County; Arizona,0.7754,30.7,12.7,2.3,12.9,33.503184,-112.056224
04013108802,Census Tract 1088.02; Maricopa County; Arizona,0.5967,20.0,19.7,14.2,8.2,33.50571,-112.076133
04013108901,Census Tract 1089.01; Maricopa County; Arizona,0.4648,20.7,14.0,12.5,10.2,33.498902,-112.090122
04013108902,Census Tract 1089.02; Maricopa County; Arizona,0.862,30.6,10.9,17.5,6.9,33.504562,-112.092211
04013109001,Census Tract 1090.01; Maricopa County; Arizona,0.9938,50.6,35.8,25.0,2.7,33.501772,-112.114867
04013109002,Census Tract 1090.02; Maricopa County; Arizona,0.9746,46.8,23.5,13.5,4.3,33.505216,-112.105343
04013109003,Census Tract 1090.03; Maricopa County; Arizona,0.9993,48.0,20.8,19.2,5.2,33.499288,-112.106677
04013109101,Census Tract 1091.01; Maricopa County; Arizona,0.7586,42.7,29.6,1.4,8.9,33.505677,-112.127523
04013109102,Census Tract 1091.02; Maricopa County; Arizona,0.9231,44.6,23.1,23.5,7.3,33.498996,-112.127623
04013109200,Census Tract 1092; Maricopa County; Arizona,0.9927,41.0,23.4,29.5,5.7,33.504562,-112.143652
04013109300,Census Tract 1093; Maricopa County; Arizona,0.6566,35.3,25.1,0.0,8.7,33.503203,-112.162069
04013109401,Census Tract 1094.01; Maricopa County; Arizona,0.9398,36.3,52.4,12.8,9.0,33.498632,-112.178714
04013109402,Census Tract 1094.02; Maricopa County; Arizona,0.9575,23.3,12.7,18.4,11.9,33.506748,-112.177899
04013109500,Census Tract 1095; Maricopa County; Arizona,0.8507,24.5,20.9,5.4,6.6,33.502766,-112.194848
04013109601,Census Tract 1096.01; Maricopa County; Arizona,0.9386,43.4,20.0,3.6,6.0,33.501682,-112.232956
04013109602,Census Tract 1096.02; Maricopa County; Arizona,0.8447,20.9,30.3,2.4,9.2,33.500156,-112.214585
04013109603,Census Tract 1096.03; Maricopa County; Arizona,0.7599,10.9,20.0,9.2,8.7,33.501907,-112.226404
04013109604,Census Tract 1096.04; Maricopa County; Arizona,0.7082,33.3,23.9,3.7,4.9,33.506356,-112.21125
04013109702,Census Tract 1097.02; Maricopa County; Arizona,0.8066,38.2,31.0,1.4,6.0,33.485779,-112.232057
04013109703,Census Tract 1097.03; Maricopa County; Arizona,0.9643,32.6,32.8,30.9,7.2,33.488111,-112.216608
04013109704,Census Tract 1097.04; Maricopa County; Arizona,0.8578,36.8,21.3,3.5,8.5,33.491613,-112.225214
04013109705,Census Tract 1097.05; Maricopa County; Arizona,0.4125,19.2,27.9,2.0,7.8,33.484133,-112.225031
04013109706,Census Tract 1097.06; Maricopa County; Arizona,0.7757,39.8,21.2,3.0,7.3,33.485449,-112.208067
04013109707,Census Tract 1097.07; Maricopa County; Arizona,0.8433,41.4,19.9,3.8,0.8,33.49074,-112.208005
04013109801,Census Tract 1098.01; Maricopa County; Arizona,0.8936,39.4,27.3,1.3,4.4,33.486773,-112.199998
04013109802,Census Tract 1098.02; Maricopa County; Arizona,0.8288,28.2,23.4,1.5,7.7,33.487292,-112.190652
04013109900,Census Tract 1099; Maricopa County; Arizona,0.9238,36.5,30.3,2.3,9.4,33.488631,-112.178843
04013110001,Census Tract 1100.01; Maricopa County; Arizona,0.7269,32.6,28.5,2.3,7.6,33.484328,-112.16122
04013110002,Census Tract 1100.02; Maricopa County; Arizona,0.8212,28.3,37.0,2.2,7.7,33.491648,-112.161525
04013110100,Census Tract 1101; Maricopa County; Arizona,0.8797,40.8,29.1,3.8,6.4,33.487174,-112.144431
04013110400,Census Tract 1104; Maricopa County; Arizona,0.6477,29.6,23.6,8.2,8.4,33.487747,-112.092464
04013110501,Census Tract 1105.01; Maricopa County; Arizona,0.7294,29.6,10.2,19.5,13.0,33.489412,-112.079091
04013110502,Census Tract 1105.02; Maricopa County; Arizona,0.6018,28.6,15.4,8.7,14.1,33.488775,-112.069429
04013110600,Census Tract 1106; Maricopa County; Arizona,0.7694,15.3,10.3,7.7,17.9,33.487586,-112.056224
04013110701,Census Tract 1107.01; Maricopa County; Arizona,0.894,29.3,19.4,9.4,10.0,33.487868,-112.044467
04013110702,Census Tract 1107.02; Maricopa County; Arizona,0.7047,25.8,15.1,6.4,9.2,33.488769,-112.037969
04013110801,Census Tract 1108.01; Maricopa County; Arizona,0.7843,23.2,19.3,6.3,11.2,33.492394,-112.021499
04013110802,Census Tract 1108.02; Maricopa County; Arizona,0.6104,26.9,7.8,7.4,23.7,33.484479,-112.021567
04013110901,Census Tract 1109.01; Maricopa County; Arizona,0.7488,19.4,7.7,23.5,14.5,33.489286,-112.008585
04013110902,Census Tract 1109.02; Maricopa County; Arizona,0.8497,27.6,14.7,11.0,10.0,33.488585,-112.000286
04013111000,Census Tract 1110; Maricopa County; Arizona,0.1398,12.8,8.3,3.7,13.7,33.487612,-111.988233
04013111100,Census Tract 1111; Maricopa County; Arizona,0.488,16.7,5.9,10.4,9.5,33.487636,-111.963213
04013111201,Census Tract 1112.01; Maricopa County; Arizona,0.8881,27.4,17.2,12.1,10.9,33.474092,-111.970463
04013111202,Census Tract 1112.02; Maricopa County; Arizona,0.7384,22.4,25.9,8.9,5.2,33.460262,-111.974424
04013111203,Census Tract 1112.03; Maricopa County; Arizona,0.5496,26.8,9.1,13.0,1.4,33.453688,-111.973596
04013111204,Census Tract 1112.04; Maricopa County; Arizona,0.3465,10.8,13.4,2.5,2.2,33.458503,-111.952196
04013111300,Census Tract 1113; Maricopa County; Arizona,0.5745,9.3,20.0,2.3,8.9,33.471031,-111.988005
04013111401,Census Tract 1114.01; Maricopa County; Arizona,0.7613,24.5,39.5,3.7,6.6,33.471819,-112.008932
04013111402,Census Tract 1114.02; Maricopa County; Arizona,0.8762,33.6,10.2,23.5,7.5,33.472348,-112.000247
04013111501,Census Tract 1115.01; Maricopa County; Arizona,0.8542,27.4,32.2,8.3,5.6,33.470135,-112.026457
04013111502,Census Tract 1115.02; Maricopa County; Arizona,0.9655,34.5,23.4,8.6,8.2,33.474204,-112.019289
04013111601,Census Tract 1116.01; Maricopa County; Arizona,0.9195,44.8,40.5,5.7,6.5,33.473888,-112.035882
04013111602,Census Tract 1116.02; Maricopa County; Arizona,0.9149,38.7,42.1,11.9,3.4,33.473439,-112.0427
04013111700,Census Tract 1117; Maricopa County; Arizona,0.5754,14.6,13.3,5.3,10.8,33.47485,-112.056144
04013111800,Census Tract 1118; Maricopa County; Arizona,0.3238,22.3,7.9,7.9,14.5,33.474437,-112.074769
04013111900,Census Tract 1119; Maricopa County; Arizona,0.0558,10.7,1.5,2.7,19.9,33.474355,-112.091407
04013112100,Census Tract 1121; Maricopa County; Arizona,0.7223,25.9,26.8,4.7,6.4,33.472518,-112.126561
04013112201,Census Tract 1122.01; Maricopa County; Arizona,0.8242,38.2,29.3,9.3,8.2,33.474787,-112.141191
04013112202,Census Tract 1122.02; Maricopa County; Arizona,0.9976,51.8,21.9,13.5,24.8,33.472889,-112.148015
04013112301,Census Tract 1123.01; Maricopa County; Arizona,0.8854,26.1,27.1,15.1,9.0,33.470643,-112.161811
04013112302,Census Tract 1123.02; Maricopa County; Arizona,0.9616,46.3,26.1,17.1,4.0,33.476918,-112.162489
04013112401,Census Tract 1124.01; Maricopa County; Arizona,0.8171,24.1,24.7,4.3,5.8,33.476422,-112.17545
04013112402,Census Tract 1124.02; Maricopa County; Arizona,0.6373,26.7,32.1,0.0,5.7,33.47006,-112.177842
04013112502,Census Tract 1125.02; Maricopa County; Arizona,0.8138,31.1,30.1,3.6,10.3,33.470002,-112.194946
04013112504,Census Tract 1125.04; Maricopa County; Arizona,0.9577,38.2,25.7,5.7,9.5,33.477716,-112.195301
04013112507,Census Tract 1125.07; Maricopa County; Arizona,0.9657,48.5,40.3,9.0,4.2,33.464347,-112.171039
04013112508,Census Tract 1125.08; Maricopa County; Arizona,0.7995,32.8,29.1,1.6,6.4,33.45765,-112.212105
04013112510,Census Tract 1125.10; Maricopa County; Arizona,0.4514,18.4,18.8,0.0,3.2,33.434945,-112.225
04013112512,Census Tract 1125.12; Maricopa County; Arizona,0.8903,49.7,27.7,0.0,6.7,33.45125,-112.178525
04013112514,Census Tract 1125.14; Maricopa County; Arizona,0.5321,15.4,11.6,2.7,5.1,33.407021,-112.159523
04013112515,Census Tract 1125.15; Maricopa County; Arizona,0.6056,16.9,25.9,6.3,7.1,33.413274,-112.197252
04013112516,Census Tract 1125.16; Maricopa County; Arizona,0.7758,26.9,28.6,2.0,6.5,33.429833,-112.190446
04013112517,Census Tract 1125.17; Maricopa County; Arizona,0.6383,16.6,16.9,1.4,5.8,33.414173,-112.211703
04013112518,Census Tract 1125.18; Maricopa County; Arizona,0.5241,22.3,14.2,0.0,4.8,33.404199,-112.218277
04013112519,Census Tract 1125.19; Maricopa County; Arizona,0.8599,58.0,27.8,0.0,7.4,33.47033,-112.212168
04013112520,Census Tract 1125.20; Maricopa County; Arizona,0.6535,33.7,21.7,0.7,5.8,33.476677,-112.212148
04013112521,Census Tract 1125.21; Maricopa County; Arizona,0.827,44.6,16.9,2.1,2.0,33.464494,-112.196185
04013112522,Census Tract 1125.22; Maricopa County; Arizona,0.851,34.5,28.1,5.0,5.3,33.457789,-112.192931
04013112523,Census Tract 1125.23; Maricopa County; Arizona,0.8165,29.0,6.0,1.1,1.5,33.474532,-112.230614
04013112524,Census Tract 1125.24; Maricopa County; Arizona,0.8681,37.3,12.4,2.1,0.2,33.462244,-112.226138
04013112601,Census Tract 1126.01; Maricopa County; Arizona,0.9678,53.9,22.0,20.5,8.1,33.463694,-112.1455
04013112602,Census Tract 1126.02; Maricopa County; Arizona,0.9946,49.9,28.7,9.8,5.6,33.457001,-112.144191
04013112700,Census Tract 1127; Maricopa County; Arizona,0.9178,45.2,29.0,8.2,7.9,33.458186,-112.124414
04013112900,Census Tract 1129; Maricopa County; Arizona,0.8699,36.4,18.6,11.1,7.2,33.459433,-112.091311
04013113000,Census Tract 1130; Maricopa County; Arizona,0.5924,20.3,13.7,8.5,4.9,33.461764,-112.07495
04013113100,Census Tract 1131; Maricopa County; Arizona,0.6979,47.9,13.5,22.5,8.6,33.456066,-112.073719
04013113201,Census Tract 1132.01; Maricopa County; Arizona,0.7356,40.9,17.8,11.8,6.4,33.455657,-112.05262
04013113202,Census Tract 1132.02; Maricopa County; Arizona,0.9002,42.5,30.6,14.0,4.4,33.455151,-112.06154
04013113204,Census Tract 1132.04; Maricopa County; Arizona,0.7836,24.4,20.1,18.9,11.4,33.462675,-112.05019
04013113301,Census Tract 1133.01; Maricopa County; Arizona,0.9994,66.0,17.7,30.3,8.7,33.457455,-112.039132
04013113502,Census Tract 1135.02; Maricopa County; Arizona,0.9324,54.3,34.8,11.1,4.9,33.455701,-112.017228
04013113503,Census Tract 1135.03; Maricopa County; Arizona,0.9563,40.7,32.9,12.7,5.5,33.462952,-112.025647
04013113601,Census Tract 1136.01; Maricopa County; Arizona,0.9469,33.4,36.1,7.1,1.5,33.461019,-112.003487
04013113602,Census Tract 1136.02; Maricopa County; Arizona,0.978,35.7,20.5,9.5,7.2,33.455894,-112.00708
04013113701,Census Tract 1137.01; Maricopa County; Arizona,0.9611,39.5,21.1,20.9,2.8,33.462217,-111.986614
04013113702,Census Tract 1137.02; Maricopa County; Arizona,0.658,38.7,21.1,4.0,4.0,33.454085,-111.986495
04013113800,Census Tract 1138; Maricopa County; Arizona,0.7594,27.5,15.1,7.5,5.3,33.437265,-111.99816
04013113900,Census Tract 1139; Maricopa County; Arizona,0.9835,73.4,15.6,49.2,3.9,33.444809,-112.039411
04013114000,Census Tract 1140; Maricopa County; Arizona,0.7611,39.5,17.8,24.2,10.2,33.445158,-112.057244
04013114100,Census Tract 1141; Maricopa County; Arizona,0.5012,27.5,2.8,32.8,3.8,33.447532,-112.074057
04013114200,Census Tract 1142; Maricopa County; Arizona,0.9366,45.4,16.2,12.0,14.5,33.441104,-112.075289
04013114301,Census Tract 1143.01; Maricopa County; Arizona,0.749,62.6,10.9,14.7,6.1,33.446943,-112.09393
04013114302,Census Tract 1143.02; Maricopa County; Arizona,0.9365,59.1,8.8,28.2,7.7,33.441094,-112.092852
04013114401,Census Tract 1144.01; Maricopa County; Arizona,0.8869,47.9,24.5,5.9,5.5,33.446423,-112.112619
04013114402,Census Tract 1144.02; Maricopa County; Arizona,0.7951,38.0,15.7,7.3,10.9,33.444891,-112.104081
04013114500,Census Tract 1145; Maricopa County; Arizona,0.9381,39.4,28.0,15.6,7.9,33.444994,-112.127077
04013114600,Census Tract 1146; Maricopa County; Arizona,0.9677,50.2,23.4,8.0,14.0,33.446331,-112.143183
04013114704,Census Tract 1147.04; Maricopa County; Arizona,0.8862,69.3,33.9,7.8,6.4,33.433969,-112.127676
04013114705,Census Tract 1147.05; Maricopa County; Arizona,0.0,,,,0.5,33.426756,-112.127622
04013114800,Census Tract 1148; Maricopa County; Arizona,0.9739,42.8,27.3,9.0,7.8,33.424215,-112.092493
04013114900,Census Tract 1149; Maricopa County; Arizona,0.9907,59.3,14.1,32.9,26.2,33.427518,-112.074451
04013115200,Census Tract 1152; Maricopa County; Arizona,0.8573,34.0,19.1,2.5,2.7,33.415117,-112.005537
04013115300,Census Tract 1153; Maricopa County; Arizona,0.9996,45.9,16.2,19.3,15.8,33.415489,-112.047805
04013115400,Census Tract 1154; Maricopa County; Arizona,0.9476,40.2,28.5,15.7,8.2,33.417584,-112.073791
04013115500,Census Tract 1155; Maricopa County; Arizona,0.8222,47.9,27.8,0.8,10.1,33.40071,-112.144482
04013115600,Census Tract 1156; Maricopa County; Arizona,0.6131,49.6,12.6,3.0,8.1,33.400403,-112.107827
04013115700,Census Tract 1157; Maricopa County; Arizona,0.8593,27.5,25.3,4.3,8.1,33.400262,-112.090629
04013115801,Census Tract 1158.01; Maricopa County; Arizona,0.9953,44.5,24.0,24.0,7.1,33.40055,-112.06961
04013115802,Census Tract 1158.02; Maricopa County; Arizona,0.9242,22.3,29.5,14.1,12.3,33.400449,-112.078742
04013115900,Census Tract 1159; Maricopa County; Arizona,0.8972,27.0,22.2,6.9,8.7,33.397993,-112.056857
04013116000,Census Tract 1160; Maricopa County; Arizona,0.8348,29.9,17.1,10.0,11.3,33.399524,-112.038123
04013116100,Census Tract 1161; Maricopa County; Arizona,0.8766,41.0,26.5,19.8,7.1,33.399144,-112.020973
04013116202,Census Tract 1162.02; Maricopa County; Arizona,0.6543,18.2,27.0,2.6,7.6,33.38815,-111.986739
04013116203,Census Tract 1162.03; Maricopa County; Arizona,0.6986,25.1,12.1,3.1,5.0,33.389789,-112.010255
04013116204,Census Tract 1162.04; Maricopa County; Arizona,0.7389,35.7,30.2,1.5,5.9,33.398403,-111.986219
04013116205,Census Tract 1162.05; Maricopa County; Arizona,0.7863,17.4,18.9,5.4,7.4,33.382039,-111.987625
04013116300,Census Tract 1163; Maricopa County; Arizona,0.9098,26.7,19.6,10.8,15.1,33.387921,-112.039245
04013116400,Census Tract 1164; Maricopa County; Arizona,0.8995,33.7,20.3,7.4,4.5,33.385717,-112.057069
04013116500,Census Tract 1165; Maricopa County; Arizona,0.9343,44.4,14.9,4.5,10.7,33.38581,-112.074264
04013116605,Census Tract 1166.05; Maricopa County; Arizona,0.5105,10.9,17.0,1.6,11.2,33.385824,-112.161538
04013116606,Census Tract 1166.06; Maricopa County; Arizona,0.8496,34.7,16.0,3.9,7.0,33.385276,-112.142091
04013116607,Census Tract 1166.07; Maricopa County; Arizona,0.6721,26.1,12.8,1.4,4.3,33.400339,-112.126134
04013116610,Census Tract 1166.10; Maricopa County; Arizona,0.3472,13.3,6.2,0.5,9.2,33.36909,-112.154749
04013116611,Census Tract 1166.11; Maricopa County; Arizona,0.7083,14.5,19.7,4.9,18.1,33.341955,-112.149323
04013116612,Census Tract 1166.12; Maricopa County; Arizona,0.569,21.3,4.9,2.6,4.8,33.369926,-112.125383
04013116614,Census Tract 1166.14; Maricopa County; Arizona,0.674,21.2,18.8,0.0,16.5,33.38189,-112.090739
04013116615,Census Tract 1166.15; Maricopa County; Arizona,0.8771,40.7,14.9,18.3,5.8,33.389155,-112.091782
04013116616,Census Tract 1166.16; Maricopa County; Arizona,0.4733,10.4,10.0,0.0,10.6,33.383888,-112.109463
04013116617,Census Tract 1166.17; Maricopa County; Arizona,0.4815,34.1,5.6,0.0,5.3,33.367064,-112.107147
04013116618,Census Tract 1166.18; Maricopa County; Arizona,0.4727,9.1,6.6,2.8,4.1,33.362904,-112.20091
04013116619,Census Tract 1166.19; Maricopa County; Arizona,0.2468,9.2,2.0,0.0,12.1,33.358065,-112.182264
04013116620,Census Tract 1166.20; Maricopa County; Arizona,0.6545,22.6,10.1,3.1,6.7,33.386125,-112.213755
04013116621,Census Tract 1166.21; Maricopa County; Arizona,0.3568,9.6,7.9,0.0,6.2,33.38514,-112.180421
04013116703,Census Tract 1167.03; Maricopa County; Arizona,0.6638,17.2,17.8,2.2,13.7,33.365028,-112.05709
04013116707,Census Tract 1167.07; Maricopa County; Arizona,0.0347,5.8,5.8,0.0,17.6,33.354754,-111.98743
04013116708,Census Tract 1167.08; Maricopa County; Arizona,0.4164,10.8,9.6,2.4,36.0,33.340972,-111.98347
04013116709,Census Tract 1167.09; Maricopa County; Arizona,0.6051,33.0,14.0,4.8,7.7,33.356333,-111.974389
04013116710,Census Tract 1167.10; Maricopa County; Arizona,0.0874,16.1,1.8,2.9,21.2,33.330987,-112.003621
04013116711,Census Tract 1167.11; Maricopa County; Arizona,0.2855,20.0,4.7,0.0,20.1,33.327342,-111.993478
04013116712,Census Tract 1167.12; Maricopa County; Arizona,0.4957,6.8,11.0,4.8,11.1,33.297718,-111.983318
04013116713,Census Tract 1167.13; Maricopa County; Arizona,0.0666,9.2,5.7,0.0,11.6,33.298373,-112.006298
04013116714,Census Tract 1167.14; Maricopa County; Arizona,0.2215,11.2,4.4,1.2,18.0,33.300712,-112.024347
04013116715,Census Tract 1167.15; Maricopa County; Arizona,0.3711,14.9,5.6,3.2,17.8,33.354223,-111.983648
04013116717,Census Tract 1167.17; Maricopa County; Arizona,0.5507,29.0,8.4,8.6,6.6,33.327226,-111.976584
04013116718,Census Tract 1167.18; Maricopa County; Arizona,0.5072,13.6,4.9,8.7,15.9,33.325869,-111.984498
04013116719,Census Tract 1167.19; Maricopa County; Arizona,0.2817,8.0,8.6,0.4,10.0,33.312878,-111.987332
04013116720,Census Tract 1167.20; Maricopa County; Arizona,0.2737,19.2,8.0,1.4,11.8,33.316539,-111.999528
04013116721,Census Tract 1167.21; Maricopa County; Arizona,0.1814,5.3,3.3,3.0,18.2,33.308793,-112.01477
04013116725,Census Tract 1167.25; Maricopa County; Arizona,0.388,7.0,11.0,2.6,13.4,33.298153,-112.047872
04013116727,Census Tract 1167.27; Maricopa County; Arizona,0.0015,4.9,0.9,0.6,15.7,33.300997,-112.075685
04013116728,Census Tract 1167.28; Maricopa County; Arizona,0.025,5.6,0.9,0.0,10.1,33.309608,-112.062256
04013116729,Census Tract 1167.29; Maricopa County; Arizona,0.0102,4.2,1.8,0.6,19.3,33.31366,-112.02635
04013116730,Census Tract 1167.30; Maricopa County; Arizona,0.016,2.5,3.1,0.9,9.3,33.298437,-112.1202
04013116731,Census Tract 1167.31; Maricopa County; Arizona,0.0262,2.8,6.2,1.5,10.0,33.296731,-112.099671
04013116732,Census Tract 1167.32; Maricopa County; Arizona,0.8907,33.3,9.3,1.3,13.7,33.352557,-112.104762
04013116733,Census Tract 1167.33; Maricopa County; Arizona,0.0,100.0,0.0,0.0,50.0,33.348298,-112.061197
04013116734,Census Tract 1167.34; Maricopa County; Arizona,0.7277,29.9,10.2,2.7,10.4,33.359049,-112.073986
04013116735,Census Tract 1167.35; Maricopa County; Arizona,0.9262,31.9,19.6,12.6,8.8,33.367268,-112.075769
04013116736,Census Tract 1167.36; Maricopa County; Arizona,0.9984,48.8,17.7,9.0,16.5,33.374514,-112.074741
04013116737,Census Tract 1167.37; Maricopa County; Arizona,0.2429,8.7,8.5,0.0,22.8,33.364451,-112.043421
04013116738,Census Tract 1167.38; Maricopa County; Arizona,0.282,9.1,7.5,3.2,8.8,33.3722,-111.992265
04013116800,Census Tract 1168; Maricopa County; Arizona,0.875,43.3,14.9,12.7,8.5,33.464091,-112.110692
04013116900,Census Tract 1169; Maricopa County; Arizona,0.981,41.6,48.0,7.2,5.0,33.488286,-112.123487
04013117000,Census Tract 1170; Maricopa County; Arizona,0.9839,33.8,11.6,19.7,11.1,33.488474,-112.107659
04013117100,Census Tract 1171; Maricopa County; Arizona,0.6105,18.7,14.8,3.4,14.7,33.499528,-112.076172
04013117200,Census Tract 1172; Maricopa County; Arizona,0.7571,55.3,23.9,8.5,7.1,33.424724,-112.044095
04013117300,Census Tract 1173; Maricopa County; Arizona,0.9992,77.2,19.5,22.5,6.7,33.420081,-112.11502
04013216806,Census Tract 2168.06; Maricopa County; Arizona,0.1035,11.0,5.5,0.0,27.1,33.544986,-111.900984
04013216807,Census Tract 2168.07; Maricopa County; Arizona,0.0264,6.4,1.4,0.0,33.4,33.569867,-111.896946
04013216809,Census Tract 2168.09; Maricopa County; Arizona,0.0256,3.8,1.7,1.3,29.1,33.57517,-111.805772
04013216810,Census Tract 2168.10; Maricopa County; Arizona,0.3797,12.8,8.3,15.4,31.8,33.576952,-111.886003
04013216813,Census Tract 2168.13; Maricopa County; Arizona,0.1705,7.0,1.5,2.1,32.8,33.565948,-111.911123
04013216816,Census Tract 2168.16; Maricopa County; Arizona,0.0813,6.7,3.2,0.0,21.2,33.606817,-111.903504
04013216819,Census Tract 2168.19; Maricopa County; Arizona,0.043,3.5,7.1,1.2,35.2,33.616894,-111.744808
04013216820,Census Tract 2168.20; Maricopa County; Arizona,0.1843,8.9,2.3,2.1,32.9,33.61625,-111.709719
04013216821,Census Tract 2168.21; Maricopa County; Arizona,0.0808,13.4,1.1,0.6,44.1,33.590798,-111.741844
04013216822,Census Tract 2168.22; Maricopa County; Arizona,0.0057,3.1,0.7,0.5,41.3,33.764385,-111.909811
04013216826,Census Tract 2168.26; Maricopa County; Arizona,0.4334,11.4,3.1,9.7,28.8,33.589948,-111.883908
04013216829,Census Tract 2168.29; Maricopa County; Arizona,0.0401,4.0,1.9,1.2,42.2,33.759179,-111.831753
04013216830,Census Tract 2168.30; Maricopa County; Arizona,0.4061,24.7,3.2,11.5,25.1,33.581234,-111.934793
04013216831,Census Tract 2168.31; Maricopa County; Arizona,0.0896,11.1,5.0,1.8,24.7,33.593864,-111.934112
04013216832,Census Tract 2168.32; Maricopa County; Arizona,0.2032,21.9,1.6,5.1,41.1,33.577725,-111.862206
04013216833,Census Tract 2168.33; Maricopa County; Arizona,0.1026,10.4,5.4,1.7,32.1,33.574516,-111.854654
04013216834,Census Tract 2168.34; Maricopa County; Arizona,0.3128,24.5,3.5,1.5,28.7,33.556728,-111.914508
04013216835,Census Tract 2168.35; Maricopa County; Arizona,0.4947,17.4,7.1,4.7,33.1,33.547805,-111.91304
04013216836,Census Tract 2168.36; Maricopa County; Arizona,0.0717,4.9,5.9,1.1,19.9,33.58826,-111.859425
04013216837,Census Tract 2168.37; Maricopa County; Arizona,0.402,17.6,5.3,13.9,24.3,33.590392,-111.837388
04013216838,Census Tract 2168.38; Maricopa County; Arizona,0.0908,5.5,0.7,1.9,16.4,33.603676,-111.882438
04013216839,Census Tract 2168.39; Maricopa County; Arizona,0.1176,2.4,1.2,8.8,22.7,33.605271,-111.859225
04013216840,Census Tract 2168.40; Maricopa County; Arizona,0.2308,10.6,2.3,3.6,24.1,33.715495,-111.913391
04013216841,Census Tract 2168.41; Maricopa County; Arizona,0.1342,5.9,2.9,1.1,28.7,33.691055,-111.905757
04013216842,Census Tract 2168.42; Maricopa County; Arizona,0.1039,6.8,1.6,3.1,16.5,33.677404,-111.908487
04013216843,Census Tract 2168.43; Maricopa County; Arizona,0.0207,8.3,1.8,0.0,53.8,33.712207,-111.831004
04013216844,Census Tract 2168.44; Maricopa County; Arizona,0.4145,11.6,3.7,5.7,32.8,33.661641,-111.903043
04013216845,Census Tract 2168.45; Maricopa County; Arizona,0.3125,11.0,8.1,4.7,29.9,33.642619,-111.901175
04013216849,Census Tract 2168.49; Maricopa County; Arizona,0.0296,3.5,1.0,0.5,31.6,33.620239,-111.817782
04013216850,Census Tract 2168.50; Maricopa County; Arizona,0.139,8.1,7.5,0.6,15.8,33.62387,-111.879567
04013216851,Census Tract 2168.51; Maricopa County; Arizona,0.0133,4.9,1.1,0.4,31.8,33.675307,-111.838246
04013216852,Census Tract 2168.52; Maricopa County; Arizona,0.2566,13.4,7.2,2.9,19.5,33.616375,-111.883476
04013216853,Census Tract 2168.53; Maricopa County; Arizona,0.3573,7.6,3.5,7.5,17.2,33.614891,-111.868622
04013216854,Census Tract 2168.54; Maricopa County; Arizona,0.0422,7.6,1.1,0.0,10.9,33.64845,-111.879639
04013216855,Census Tract 2168.55; Maricopa County; Arizona,0.0973,11.3,0.8,4.3,26.3,33.664249,-111.876647
04013216856,Census Tract 2168.56; Maricopa County; Arizona,0.1174,8.0,13.1,2.1,29.7,33.584234,-111.723008
04013216857,Census Tract 2168.57; Maricopa County; Arizona,0.2383,9.5,4.9,4.1,44.7,33.606993,-111.721277
04013216858,Census Tract 2168.58; Maricopa County; Arizona,0.0,,,,,33.58647,-111.794519
04013216859,Census Tract 2168.59; Maricopa County; Arizona,0.1255,2.6,11.5,0.0,22.6,33.593724,-111.790477
04013216860,Census Tract 2168.60; Maricopa County; Arizona,0.1333,13.7,3.3,0.0,15.5,33.632575,-111.870946
04013216861,Census Tract 2168.61; Maricopa County; Arizona,0.0204,6.4,1.7,0.5,20.3,33.629587,-111.856835
04013216901,Census Tract 2169.01; Maricopa County; Arizona,0.2499,20.0,10.2,4.6,36.5,33.531137,-111.918588
04013216902,Census Tract 2169.02; Maricopa County; Arizona,0.0981,6.4,10.4,0.5,16.0,33.531113,-111.901037
04013217001,Census Tract 2170.01; Maricopa County; Arizona,0.2206,14.6,5.3,7.6,41.1,33.515024,-111.921131
04013217002,Census Tract 2170.02; Maricopa County; Arizona,0.2424,10.6,6.8,4.5,18.8,33.517365,-111.901063
04013217101,Census Tract 2171.01; Maricopa County; Arizona,0.3129,11.3,3.3,2.8,16.9,33.500685,-111.905984
04013217102,Census Tract 2171.02; Maricopa County; Arizona,0.0612,8.0,3.6,0.8,16.7,33.503033,-111.896496
04013217201,Census Tract 2172.01; Maricopa County; Arizona,0.0944,7.0,4.6,2.1,14.8,33.494844,-111.927336
04013217203,Census Tract 2172.03; Maricopa County; Arizona,0.2602,15.3,7.2,5.6,40.6,33.506167,-111.91771
04013217204,Census Tract 2172.04; Maricopa County; Arizona,0.5211,20.2,20.1,10.6,11.8,33.498719,-111.913743
04013217300,Census Tract 2173; Maricopa County; Arizona,0.1497,9.6,5.7,4.1,20.4,33.502154,-111.936361
04013217400,Census Tract 2174; Maricopa County; Arizona,0.4957,14.8,4.2,6.4,29.1,33.482565,-111.950355
04013217501,Census Tract 2175.01; Maricopa County; Arizona,0.7883,25.9,17.6,11.3,11.0,33.487383,-111.938644
04013217502,Census Tract 2175.02; Maricopa County; Arizona,0.2804,16.3,9.5,3.4,7.5,33.485929,-111.931625
04013217600,Census Tract 2176; Maricopa County; Arizona,0.5018,17.1,13.8,6.8,9.2,33.487648,-111.917091
04013217700,Census Tract 2177; Maricopa County; Arizona,0.1251,7.5,5.3,0.7,17.2,33.488441,-111.902705
04013217800,Census Tract 2178; Maricopa County; Arizona,0.4917,9.1,15.1,7.3,17.1,33.473108,-111.900963
04013217900,Census Tract 2179; Maricopa County; Arizona,0.4307,10.3,6.6,3.4,18.5,33.473068,-111.918511
04013218000,Census Tract 2180; Maricopa County; Arizona,0.3204,6.0,7.3,2.8,15.9,33.473011,-111.937242
04013218100,Census Tract 2181; Maricopa County; Arizona,0.2896,18.1,12.8,3.9,8.4,33.462242,-111.934531
04013218200,Census Tract 2182; Maricopa County; Arizona,0.4756,15.9,4.0,6.5,7.7,33.45737,-111.919722
04013218300,Census Tract 2183; Maricopa County; Arizona,0.7055,32.2,8.5,5.9,28.9,33.459293,-111.901947
04013318400,Census Tract 3184; Maricopa County; Arizona,0.669,20.9,16.6,8.0,6.4,33.433734,-111.907169
04013318501,Census Tract 3185.01; Maricopa County; Arizona,0.6746,23.1,14.0,11.9,12.0,33.4557,-111.936765
04013318700,Census Tract 3187; Maricopa County; Arizona,0.6103,35.6,14.2,12.1,3.3,33.429472,-111.937529
04013318800,Census Tract 3188; Maricopa County; Arizona,0.5438,35.5,8.6,11.4,4.3,33.428191,-111.953743
04013318900,Census Tract 3189; Maricopa County; Arizona,0.5367,35.1,11.8,7.7,12.7,33.41533,-111.952818
04013319001,Census Tract 3190.01; Maricopa County; Arizona,0.0,,14.1,,0.0,33.418272,-111.9336
04013319002,Census Tract 3190.02; Maricopa County; Arizona,0.4671,28.5,7.8,11.8,5.2,33.414817,-111.935271
04013319101,Census Tract 3191.01; Maricopa County; Arizona,0.8349,63.6,10.9,25.2,1.4,33.417529,-111.92285
04013319103,Census Tract 3191.03; Maricopa County; Arizona,0.6171,46.7,9.9,24.1,2.9,33.418578,-111.918223
04013319104,Census Tract 3191.04; Maricopa County; Arizona,0.7181,35.4,15.3,17.1,5.0,33.411341,-111.91949
04013319201,Census Tract 3192.01; Maricopa County; Arizona,0.8936,38.8,16.6,14.1,6.9,33.41831,-111.900386
04013319202,Census Tract 3192.02; Maricopa County; Arizona,0.7893,43.4,15.4,19.4,4.7,33.411128,-111.899945
04013319300,Census Tract 3193; Maricopa County; Arizona,0.9117,31.7,12.7,12.7,18.3,33.415484,-111.887178
04013319401,Census Tract 3194.01; Maricopa County; Arizona,0.6845,29.3,9.2,8.2,11.7,33.383825,-111.920082
04013319402,Census Tract 3194.02; Maricopa County; Arizona,0.1176,13.1,5.5,1.2,17.9,33.383934,-111.898454
04013319403,Census Tract 3194.03; Maricopa County; Arizona,0.3269,13.1,7.7,4.9,17.1,33.400667,-111.900696
04013319404,Census Tract 3194.04; Maricopa County; Arizona,0.5151,10.2,2.5,16.4,39.1,33.394838,-111.885981
04013319500,Census Tract 3195; Maricopa County; Arizona,0.2717,14.7,8.0,3.3,10.6,33.400566,-111.918569
04013319600,Census Tract 3196; Maricopa County; Arizona,0.6039,26.8,5.5,3.1,12.8,33.400168,-111.936243
04013319705,Census Tract 3197.05; Maricopa County; Arizona,0.741,35.6,5.7,2.4,8.5,33.395849,-111.951454
04013319706,Census Tract 3197.06; Maricopa County; Arizona,0.8458,21.5,24.5,7.1,7.4,33.38155,-111.953753
04013319707,Census Tract 3197.07; Maricopa County; Arizona,0.0,,,,,33.380684,-111.965449
04013319708,Census Tract 3197.08; Maricopa County; Arizona,0.7321,9.7,11.9,5.2,21.2,33.385105,-111.971938
04013319709,Census Tract 3197.09; Maricopa County; Arizona,0.0,,,,,33.403012,-111.973701
04013319710,Census Tract 3197.10; Maricopa County; Arizona,0.7373,41.1,12.6,12.0,7.1,33.421385,-111.967351
04013319801,Census Tract 3198.01; Maricopa County; Arizona,0.8158,27.9,12.5,20.7,6.9,33.382109,-111.934422
04013319802,Census Tract 3198.02; Maricopa County; Arizona,0.2508,12.6,5.8,5.6,4.6,33.389949,-111.937596
04013319902,Census Tract 3199.02; Maricopa County; Arizona,0.6327,21.2,9.0,8.2,17.3,33.374442,-111.93903
04013319903,Census Tract 3199.03; Maricopa County; Arizona,0.601,20.4,5.1,4.2,18.6,33.373593,-111.918364
04013319904,Census Tract 3199.04; Maricopa County; Arizona,0.2495,12.7,9.9,0.0,17.0,33.372397,-111.901756
04013319905,Census Tract 3199.05; Maricopa County; Arizona,0.3362,15.8,15.2,1.4,14.3,33.357326,-111.920847
04013319906,Census Tract 3199.06; Maricopa County; Arizona,0.1442,15.0,2.3,2.4,16.9,33.358459,-111.901911
04013319907,Census Tract 3199.07; Maricopa County; Arizona,0.1025,6.0,0.2,3.3,24.4,33.343991,-111.922289
04013319908,Census Tract 3199.08; Maricopa County; Arizona,0.3822,11.7,9.1,2.6,12.0,33.356497,-111.939115
04013319909,Census Tract 3199.09; Maricopa County; Arizona,0.056,3.4,3.1,0.5,23.8,33.34261,-111.900163
04013319910,Census Tract 3199.10; Maricopa County; Arizona,0.05,7.6,5.8,3.5,10.7,33.342648,-111.949389
04013320001,Census Tract 3200.01; Maricopa County; Arizona,0.5344,15.2,8.4,4.2,3.7,33.35639,-111.960522
04013320002,Census Tract 3200.02; Maricopa County; Arizona,0.9417,44.6,15.7,13.6,11.2,33.368482,-111.964864
04013320007,Census Tract 3200.07; Maricopa County; Arizona,0.5316,26.2,14.4,5.9,8.0,33.372677,-111.956282
04013320100,Census Tract 3201; Maricopa County; Arizona,0.3571,22.4,12.0,5.0,4.0,33.44502,-111.944666
04013420104,Census Tract 4201.04; Maricopa County; Arizona,0.417,18.3,5.4,2.1,40.5,33.429237,-111.658566
04013420105,Census Tract 4201.05; Maricopa County; Arizona,0.2965,7.6,5.2,1.8,21.2,33.444437,-111.654743
04013420107,Census Tract 4201.07; Maricopa County; Arizona,0.0763,6.3,4.1,1.2,21.5,33.478755,-111.665588
04013420108,Census Tract 4201.08; Maricopa County; Arizona,0.0252,11.9,3.5,1.0,14.2,33.476347,-111.644698
04013420109,Census Tract 4201.09; Maricopa County; Arizona,0.1509,9.6,0.5,0.5,21.1,33.45932,-111.653593
04013420110,Census Tract 4201.10; Maricopa County; Arizona,0.1723,9.2,6.4,4.2,17.6,33.449502,-111.612761
04013420111,Census Tract 4201.11; Maricopa County; Arizona,0.6036,15.5,14.1,1.9,13.5,33.427696,-111.625989
04013420112,Census Tract 4201.12; Maricopa County; Arizona,0.0769,5.4,13.6,0.5,16.3,33.429322,-111.589771
04013420113,Census Tract 4201.13; Maricopa County; Arizona,0.7363,20.3,9.1,4.5,23.4,33.418713,-111.677979
04013420114,Census Tract 4201.14; Maricopa County; Arizona,0.4316,15.5,14.0,5.4,15.1,33.418316,-111.646376
04013420115,Census Tract 4201.15; Maricopa County; Arizona,0.4907,18.6,23.5,0.6,26.8,33.418908,-111.62405
04013420116,Census Tract 4201.16; Maricopa County; Arizona,0.6285,29.4,7.9,5.5,47.9,33.418765,-111.593663
04013420202,Census Tract 4202.02; Maricopa County; Arizona,0.5662,16.4,9.3,1.6,31.2,33.429898,-111.691042
04013420206,Census Tract 4202.06; Maricopa County; Arizona,0.525,20.7,5.1,6.5,57.9,33.484055,-111.716714
04013420207,Census Tract 4202.07; Maricopa County; Arizona,0.0073,6.3,1.2,0.0,30.9,33.490349,-111.696242
04013420208,Census Tract 4202.08; Maricopa County; Arizona,0.4974,22.6,7.4,4.2,9.4,33.430052,-111.729086
04013420209,Census Tract 4202.09; Maricopa County; Arizona,0.2685,14.1,4.5,2.4,40.2,33.430374,-111.710092
04013420210,Census Tract 4202.10; Maricopa County; Arizona,0.5309,11.2,6.8,1.9,20.0,33.444337,-111.692521
04013420211,Census Tract 4202.11; Maricopa County; Arizona,0.0734,4.2,4.2,1.6,16.5,33.472183,-111.691184
04013420212,Census Tract 4202.12; Maricopa County; Arizona,0.1796,7.9,6.3,2.5,32.9,33.459078,-111.692958
04013420213,Census Tract 4202.13; Maricopa County; Arizona,0.2189,13.0,1.3,2.5,70.4,33.419185,-111.726656
04013420214,Census Tract 4202.14; Maricopa County; Arizona,0.5818,24.1,7.0,2.6,31.5,33.419135,-111.699296
04013420215,Census Tract 4202.15; Maricopa County; Arizona,0.4819,14.7,9.3,1.1,9.1,33.444573,-111.728373
04013420216,Census Tract 4202.16; Maricopa County; Arizona,0.3862,17.6,3.7,7.0,26.3,33.444253,-111.709945
04013420301,Census Tract 4203.01; Maricopa County; Arizona,0.2964,5.6,0.4,1.7,16.7,33.45676,-111.796953
04013420302,Census Tract 4203.02; Maricopa County; Arizona,0.4344,8.8,7.5,2.6,14.0,33.46012,-111.781902
04013420303,Census Tract 4203.03; Maricopa County; Arizona,0.4284,9.2,8.1,0.5,14.4,33.459128,-111.763246
04013420304,Census Tract 4203.04; Maricopa County; Arizona,0.0253,4.4,2.7,0.0,21.5,33.475168,-111.744789
04013420401,Census Tract 4204.01; Maricopa County; Arizona,0.9364,27.4,22.5,1.5,9.6,33.459788,-111.826662
04013420402,Census Tract 4204.02; Maricopa County; Arizona,0.1025,5.9,4.9,0.4,9.8,33.469908,-111.781199
04013420503,Census Tract 4205.03; Maricopa County; Arizona,0.8659,27.7,6.2,6.0,11.5,33.443622,-111.817627
04013420504,Census Tract 4205.04; Maricopa County; Arizona,0.4063,21.5,11.9,0.9,13.2,33.44241,-111.810472
04013420505,Census Tract 4205.05; Maricopa County; Arizona,0.6038,8.9,8.8,4.6,12.0,33.444039,-111.827338
04013420506,Census Tract 4205.06; Maricopa County; Arizona,0.7546,39.9,18.3,10.4,5.2,33.443495,-111.835499
04013420602,Census Tract 4206.02; Maricopa County; Arizona,0.4356,17.7,7.2,1.1,22.0,33.428968,-111.779549
04013420603,Census Tract 4206.03; Maricopa County; Arizona,0.5504,7.5,4.7,5.2,12.0,33.44426,-111.780847
04013420604,Census Tract 4206.04; Maricopa County; Arizona,0.3911,5.9,4.6,3.1,17.2,33.444442,-111.797391
04013420704,Census Tract 4207.04; Maricopa County; Arizona,0.5239,20.3,8.0,5.7,8.2,33.4287,-111.763655
04013420705,Census Tract 4207.05; Maricopa County; Arizona,0.1512,1.9,3.5,1.7,19.6,33.442811,-111.756645
04013420706,Census Tract 4207.06; Maricopa County; Arizona,0.4916,14.0,12.4,1.9,12.4,33.428709,-111.744865
04013420707,Census Tract 4207.07; Maricopa County; Arizona,0.8193,24.3,12.0,2.9,48.6,33.419515,-111.762478
04013420708,Census Tract 4207.08; Maricopa County; Arizona,0.5172,32.6,0.3,21.2,49.9,33.419475,-111.746086
04013420709,Census Tract 4207.09; Maricopa County; Arizona,0.754,26.5,4.2,3.6,67.2,33.412794,-111.762317
04013420710,Census Tract 4207.10; Maricopa County; Arizona,0.9453,34.4,12.8,6.4,23.3,33.412388,-111.746369
04013420800,Census Tract 4208; Maricopa County; Arizona,0.7715,18.7,11.0,5.4,13.6,33.428906,-111.797991
04013420901,Census Tract 4209.01; Maricopa County; Arizona,0.7516,20.4,13.5,1.0,8.4,33.433367,-111.814605
04013420902,Census Tract 4209.02; Maricopa County; Arizona,0.7442,17.7,16.1,6.2,11.7,33.427346,-111.815073
04013421001,Census Tract 4210.01; Maricopa County; Arizona,0.988,34.9,11.2,29.7,28.7,33.430167,-111.836486
04013421002,Census Tract 4210.02; Maricopa County; Arizona,0.9193,35.9,11.5,20.1,20.3,33.428736,-111.827213
04013421101,Census Tract 4211.01; Maricopa County; Arizona,0.7368,34.7,10.4,4.5,9.9,33.447716,-111.848905
04013421102,Census Tract 4211.02; Maricopa County; Arizona,0.8515,22.7,19.1,11.2,11.0,33.43137,-111.849616
04013421201,Census Tract 4212.01; Maricopa County; Arizona,0.312,18.0,9.0,1.7,4.5,33.43522,-111.870306
04013421202,Census Tract 4212.02; Maricopa County; Arizona,0.6655,23.6,9.1,9.2,9.4,33.426973,-111.865619
04013421302,Census Tract 4213.02; Maricopa County; Arizona,0.9693,41.3,18.0,10.5,7.2,33.415262,-111.849685
04013421303,Census Tract 4213.03; Maricopa County; Arizona,0.72,16.8,16.8,7.4,5.7,33.418505,-111.87158
04013421304,Census Tract 4213.04; Maricopa County; Arizona,0.775,32.1,12.1,10.5,0.8,33.410346,-111.87738
04013421400,Census Tract 4214; Maricopa County; Arizona,0.9205,36.6,17.2,24.9,18.8,33.416418,-111.831944
04013421501,Census Tract 4215.01; Maricopa County; Arizona,0.9771,45.3,16.3,9.2,6.2,33.411901,-111.814136
04013421502,Census Tract 4215.02; Maricopa County; Arizona,0.9738,45.5,27.5,10.2,5.9,33.418757,-111.815749
04013421601,Census Tract 4216.01; Maricopa County; Arizona,0.9643,34.1,19.0,10.4,4.5,33.419632,-111.797098
04013421602,Census Tract 4216.02; Maricopa County; Arizona,0.95,32.9,31.2,11.6,7.1,33.411403,-111.798663
04013421701,Census Tract 4217.01; Maricopa County; Arizona,0.791,35.7,24.3,7.2,9.9,33.418719,-111.780505
04013421702,Census Tract 4217.02; Maricopa County; Arizona,0.9554,52.4,7.7,7.9,15.6,33.412391,-111.779656
04013421801,Census Tract 4218.01; Maricopa County; Arizona,0.6983,11.7,24.4,0.9,4.4,33.39761,-111.798088
04013421802,Census Tract 4218.02; Maricopa County; Arizona,0.9004,40.6,21.8,5.2,8.2,33.405016,-111.796752
04013421901,Census Tract 4219.01; Maricopa County; Arizona,0.7372,23.2,30.2,2.0,6.0,33.397506,-111.81544
04013421902,Census Tract 4219.02; Maricopa County; Arizona,0.9802,61.5,33.4,5.9,5.0,33.404385,-111.816163
04013422001,Census Tract 4220.01; Maricopa County; Arizona,0.9488,40.7,40.1,9.5,4.5,33.40366,-111.831301
04013422002,Census Tract 4220.02; Maricopa County; Arizona,0.8923,44.3,39.9,2.8,9.1,33.397894,-111.832001
04013422102,Census Tract 4221.02; Maricopa County; Arizona,0.982,41.9,22.5,10.1,9.9,33.40364,-111.866805
04013422103,Census Tract 4221.03; Maricopa County; Arizona,0.8404,34.0,12.3,12.7,7.6,33.397319,-111.869547
04013422104,Census Tract 4221.04; Maricopa County; Arizona,0.7825,38.0,20.5,10.9,9.2,33.401576,-111.880218
04013422105,Census Tract 4221.05; Maricopa County; Arizona,0.651,19.2,14.3,5.0,9.2,33.397206,-111.849025
04013422106,Census Tract 4221.06; Maricopa County; Arizona,0.9784,40.8,16.8,10.5,3.7,33.404007,-111.849308
04013422107,Census Tract 4221.07; Maricopa County; Arizona,0.8266,37.6,15.8,11.0,5.9,33.397293,-111.862139
04013422203,Census Tract 4222.03; Maricopa County; Arizona,0.793,26.2,16.3,9.2,9.8,33.384116,-111.848308
04013422209,Census Tract 4222.09; Maricopa County; Arizona,0.6453,19.5,10.8,2.7,9.6,33.343341,-111.850371
04013422210,Census Tract 4222.10; Maricopa County; Arizona,0.1728,6.5,5.1,2.4,8.4,33.342981,-111.868295
04013422211,Census Tract 4222.11; Maricopa County; Arizona,0.3318,12.5,5.8,8.1,24.2,33.343933,-111.88724
04013422212,Census Tract 4222.12; Maricopa County; Arizona,0.0781,7.0,3.5,0.4,21.4,33.371513,-111.884831
04013422213,Census Tract 4222.13; Maricopa County; Arizona,0.2699,12.7,6.6,0.8,13.1,33.360446,-111.886348
04013422215,Census Tract 4222.15; Maricopa County; Arizona,0.6782,6.8,17.6,2.5,17.1,33.361152,-111.870329
04013422216,Census Tract 4222.16; Maricopa County; Arizona,0.1756,6.2,5.0,1.6,14.8,33.373636,-111.848639
04013422217,Census Tract 4222.17; Maricopa County; Arizona,0.3451,12.4,12.3,3.7,10.0,33.361201,-111.849748
04013422218,Census Tract 4222.18; Maricopa County; Arizona,0.4852,19.7,3.6,6.1,13.2,33.353558,-111.887541
04013422219,Census Tract 4222.19; Maricopa County; Arizona,0.0931,6.8,4.2,1.0,7.3,33.353038,-111.868437
04013422220,Census Tract 4222.20; Maricopa County; Arizona,0.1014,5.3,5.2,0.7,20.0,33.35281,-111.852061
04013422221,Census Tract 4222.21; Maricopa County; Arizona,0.3098,16.4,6.8,2.2,11.0,33.371784,-111.871857
04013422222,Census Tract 4222.22; Maricopa County; Arizona,0.2669,7.5,3.6,0.6,19.6,33.370816,-111.864825
04013422223,Census Tract 4222.23; Maricopa County; Arizona,0.5872,24.2,9.3,8.3,8.9,33.381762,-111.867701
04013422224,Census Tract 4222.24; Maricopa County; Arizona,0.0,,,,,33.390164,-111.861189
04013422225,Census Tract 4222.25; Maricopa County; Arizona,0.0,,,,,33.390639,-111.87028
04013422226,Census Tract 4222.26; Maricopa County; Arizona,0.0,,,,,33.38877,-111.878608
04013422227,Census Tract 4222.27; Maricopa County; Arizona,0.1284,12.9,7.9,2.9,20.7,33.381937,-111.886366
04013422301,Census Tract 4223.01; Maricopa County; Arizona,0.891,22.1,21.3,2.9,8.0,33.385905,-111.82788
04013422302,Census Tract 4223.02; Maricopa County; Arizona,0.7026,23.4,11.6,3.8,9.8,33.385173,-111.800035
04013422304,Census Tract 4223.04; Maricopa County; Arizona,0.2025,11.5,2.5,2.8,5.4,33.34742,-111.836141
04013422305,Census Tract 4223.05; Maricopa County; Arizona,0.3576,17.6,6.2,1.7,15.5,33.340738,-111.81668
04013422307,Census Tract 4223.07; Maricopa County; Arizona,0.3308,9.1,10.1,1.5,8.5,33.364804,-111.829114
04013422308,Census Tract 4223.08; Maricopa County; Arizona,0.5792,13.8,6.6,0.4,14.7,33.372498,-111.797392
04013422309,Census Tract 4223.09; Maricopa County; Arizona,0.1853,3.4,2.5,5.5,15.7,33.357071,-111.816334
04013422401,Census Tract 4224.01; Maricopa County; Arizona,0.6314,17.3,5.5,4.2,15.4,33.357167,-111.799391
04013422402,Census Tract 4224.02; Maricopa County; Arizona,0.5078,18.9,16.9,1.1,9.6,33.357401,-111.780334
04013422403,Census Tract 4224.03; Maricopa County; Arizona,0.5765,10.9,5.3,2.4,13.5,33.343207,-111.799279
04013422404,Census Tract 4224.04; Maricopa County; Arizona,0.0768,8.5,15.1,0.7,12.1,33.342787,-111.782686
04013422501,Census Tract 4225.01; Maricopa County; Arizona,0.3858,15.4,11.5,2.4,9.0,33.400093,-111.76403
04013422502,Census Tract 4225.02; Maricopa County; Arizona,0.5916,18.7,16.8,8.2,10.8,33.402717,-111.780346
04013422503,Census Tract 4225.03; Maricopa County; Arizona,0.4748,10.2,12.7,0.9,8.6,33.38628,-111.781051
04013422504,Census Tract 4225.04; Maricopa County; Arizona,0.5358,9.6,19.2,2.6,10.6,33.38637,-111.763316
04013422506,Census Tract 4225.06; Maricopa County; Arizona,0.4642,10.2,2.5,0.9,15.0,33.372545,-111.764016
04013422507,Census Tract 4225.07; Maricopa County; Arizona,0.0919,7.0,8.0,0.0,16.7,33.371288,-111.750153
04013422508,Census Tract 4225.08; Maricopa County; Arizona,0.2645,9.5,7.3,3.6,12.6,33.373708,-111.78263
04013422509,Census Tract 4225.09; Maricopa County; Arizona,0.3736,12.9,6.5,1.4,12.3,33.359424,-111.766616
04013422510,Census Tract 4225.10; Maricopa County; Arizona,0.2432,8.1,5.7,0.0,9.6,33.359286,-111.749879
04013422511,Census Tract 4225.11; Maricopa County; Arizona,0.0801,5.0,2.9,0.5,10.5,33.343412,-111.764666
04013422512,Census Tract 4225.12; Maricopa County; Arizona,0.204,6.8,5.3,0.7,7.4,33.342236,-111.747951
04013422513,Census Tract 4225.13; Maricopa County; Arizona,0.6317,6.5,6.0,7.4,20.2,33.401849,-111.745644
04013422514,Census Tract 4225.14; Maricopa County; Arizona,0.6434,23.1,14.3,3.1,8.2,33.386464,-111.7445
04013422607,Census Tract 4226.07; Maricopa County; Arizona,0.3827,17.1,0.0,11.5,71.5,33.401328,-111.728293
04013422609,Census Tract 4226.09; Maricopa County; Arizona,0.7243,18.4,17.3,6.9,29.6,33.401969,-111.677909
04013422610,Census Tract 4226.10; Maricopa County; Arizona,0.4523,14.5,2.9,5.7,67.1,33.404488,-111.657276
04013422615,Census Tract 4226.15; Maricopa County; Arizona,0.6157,14.6,10.3,3.0,8.1,33.392763,-111.608122
04013422617,Census Tract 4226.17; Maricopa County; Arizona,0.2993,10.2,9.2,1.5,10.5,33.374045,-111.676583
04013422618,Census Tract 4226.18; Maricopa County; Arizona,0.0989,10.4,0.5,2.5,85.2,33.371966,-111.663449
04013422620,Census Tract 4226.20; Maricopa County; Arizona,0.2208,10.0,4.2,1.5,9.2,33.373908,-111.731268
04013422621,Census Tract 4226.21; Maricopa County; Arizona,0.3023,8.9,2.6,1.0,12.3,33.37315,-111.714866
04013422622,Census Tract 4226.22; Maricopa County; Arizona,0.3398,12.8,10.3,0.8,8.6,33.370557,-111.696844
04013422623,Census Tract 4226.23; Maricopa County; Arizona,0.2638,11.1,4.1,2.2,4.5,33.35403,-111.695843
04013422624,Census Tract 4226.24; Maricopa County; Arizona,0.4867,19.9,1.5,3.7,79.7,33.411212,-111.727854
04013422625,Census Tract 4226.25; Maricopa County; Arizona,0.9968,33.1,22.7,23.1,32.4,33.412755,-111.70312
04013422626,Census Tract 4226.26; Maricopa County; Arizona,0.6082,23.7,3.4,12.5,67.5,33.411454,-111.671596
04013422627,Census Tract 4226.27; Maricopa County; Arizona,0.8806,31.8,18.7,7.1,18.3,33.410663,-111.649324
04013422628,Census Tract 4226.28; Maricopa County; Arizona,0.9963,42.0,21.3,7.9,15.3,33.411851,-111.617345
04013422629,Census Tract 4226.29; Maricopa County; Arizona,0.6255,11.2,16.3,0.9,18.8,33.410418,-111.597504
04013422630,Census Tract 4226.30; Maricopa County; Arizona,0.764,38.3,12.9,0.4,25.0,33.399502,-111.62525
04013422632,Census Tract 4226.32; Maricopa County; Arizona,0.7087,29.0,17.0,2.6,27.6,33.400603,-111.641316
04013422633,Census Tract 4226.33; Maricopa County; Arizona,0.6565,32.4,14.4,5.9,15.5,33.385413,-111.679034
04013422634,Census Tract 4226.34; Maricopa County; Arizona,0.78,22.6,25.0,2.3,20.3,33.386693,-111.657063
04013422636,Census Tract 4226.36; Maricopa County; Arizona,0.298,17.2,14.0,1.4,13.6,33.384774,-111.729671
04013422637,Census Tract 4226.37; Maricopa County; Arizona,0.562,7.6,11.6,4.4,9.9,33.401564,-111.713835
04013422638,Census Tract 4226.38; Maricopa County; Arizona,0.73,19.4,10.3,5.4,6.9,33.385569,-111.710884
04013422639,Census Tract 4226.39; Maricopa County; Arizona,0.0508,11.9,0.6,1.2,72.1,33.396952,-111.699006
04013422640,Census Tract 4226.40; Maricopa County; Arizona,0.5234,8.5,12.8,7.1,33.7,33.372917,-111.644315
04013422642,Census Tract 4226.42; Maricopa County; Arizona,0.2439,8.2,2.9,2.7,15.2,33.372795,-111.629684
04013422643,Census Tract 4226.43; Maricopa County; Arizona,0.1522,5.5,3.2,1.0,8.4,33.359518,-111.618582
04013422647,Census Tract 4226.47; Maricopa County; Arizona,0.0283,1.3,7.7,0.0,9.4,33.334335,-111.61507
04013422648,Census Tract 4226.48; Maricopa County; Arizona,0.0307,0.6,0.7,1.1,6.0,33.335218,-111.596889
04013422649,Census Tract 4226.49; Maricopa County; Arizona,0.0498,2.3,1.3,0.0,5.9,33.334905,-111.588763
04013422650,Census Tract 4226.50; Maricopa County; Arizona,0.066,5.0,1.3,0.0,40.2,33.35852,-111.594856
04013422651,Census Tract 4226.51; Maricopa County; Arizona,0.0567,5.3,3.6,1.5,9.9,33.373512,-111.609978
04013422652,Census Tract 4226.52; Maricopa County; Arizona,0.0977,17.1,0.4,5.4,88.5,33.374746,-111.592874
04013422653,Census Tract 4226.53; Maricopa County; Arizona,0.5316,9.2,12.5,3.0,23.5,33.399121,-111.589018
04013422654,Census Tract 4226.54; Maricopa County; Arizona,0.2003,4.9,6.2,0.6,8.9,33.357679,-111.671317
04013422655,Census Tract 4226.55; Maricopa County; Arizona,0.2798,10.0,7.2,1.6,11.4,33.359314,-111.646645
04013422656,Census Tract 4226.56; Maricopa County; Arizona,0.0726,4.4,6.5,0.0,8.1,33.350062,-111.730486
04013422657,Census Tract 4226.57; Maricopa County; Arizona,0.159,7.3,4.3,7.8,9.7,33.358462,-111.714752
04013422658,Census Tract 4226.58; Maricopa County; Arizona,0.1178,5.1,4.2,11.9,9.8,33.345883,-111.714185
04013422659,Census Tract 4226.59; Maricopa County; Arizona,0.4546,10.2,4.4,1.9,43.4,33.390304,-111.642814
04013422660,Census Tract 4226.60; Maricopa County; Arizona,0.6764,14.5,13.1,5.8,12.9,33.390451,-111.626832
04013522801,Census Tract 5228.01; Maricopa County; Arizona,0.0,,,,,33.309702,-111.664203
04013522802,Census Tract 5228.02; Maricopa County; Arizona,0.2687,33.9,12.8,12.6,3.5,33.303764,-111.678499
04013522901,Census Tract 5229.01; Maricopa County; Arizona,0.4684,11.7,8.8,0.0,9.9,33.328241,-111.832548
04013522903,Census Tract 5229.03; Maricopa County; Arizona,0.9954,37.5,24.6,11.2,8.7,33.313111,-111.837194
04013522904,Census Tract 5229.04; Maricopa County; Arizona,0.7289,27.4,19.7,1.5,6.6,33.31346,-111.828968
04013523002,Census Tract 5230.02; Maricopa County; Arizona,0.9307,39.0,10.9,19.1,11.6,33.314181,-111.851295
04013523005,Census Tract 5230.05; Maricopa County; Arizona,0.3908,9.0,4.5,3.1,14.6,33.328543,-111.868634
04013523006,Census Tract 5230.06; Maricopa County; Arizona,0.6915,17.5,15.8,4.0,11.4,33.313976,-111.86915
04013523007,Census Tract 5230.07; Maricopa County; Arizona,0.2766,9.6,23.2,1.0,7.9,33.328855,-111.846807
04013523008,Census Tract 5230.08; Maricopa County; Arizona,0.5541,18.3,8.4,2.7,12.6,33.329322,-111.854112
04013523102,Census Tract 5231.02; Maricopa County; Arizona,0.815,25.4,15.2,7.1,4.0,33.299737,-111.835864
04013523103,Census Tract 5231.03; Maricopa County; Arizona,0.7679,12.9,14.9,8.1,16.5,33.30006,-111.868818
04013523104,Census Tract 5231.04; Maricopa County; Arizona,0.7652,25.4,11.5,7.8,6.2,33.298543,-111.84993
04013610001,Census Tract 6100.01; Maricopa County; Arizona,0.3206,7.2,13.8,2.6,24.1,33.942814,-112.119653
04013610002,Census Tract 6100.02; Maricopa County; Arizona,0.5278,18.2,9.1,0.0,17.0,33.93608,-112.198043
04013610100,Census Tract 6101; Maricopa County; Arizona,0.2545,16.7,4.1,0.0,14.7,33.89376,-112.113827
04013610201,Census Tract 6102.01; Maricopa County; Arizona,0.1014,13.4,0.3,2.0,32.0,33.867647,-112.11767
04013610202,Census Tract 6102.02; Maricopa County; Arizona,0.0311,1.1,0.7,0.8,40.0,33.859345,-112.105665
04013610301,Census Tract 6103.01; Maricopa County; Arizona,0.3531,11.7,5.8,7.9,15.1,33.853259,-112.140185
04013610302,Census Tract 6103.02; Maricopa County; Arizona,0.0443,4.5,4.5,0.0,10.8,33.854408,-112.127615
04013610400,Census Tract 6104; Maricopa County; Arizona,0.2549,7.7,2.1,4.0,11.8,33.848538,-112.11089
04013610500,Census Tract 6105; Maricopa County; Arizona,0.0322,3.6,1.9,1.4,16.3,33.842986,-112.094469
04013610600,Census Tract 6106; Maricopa County; Arizona,0.3541,9.2,6.6,4.3,10.1,33.810629,-112.112912
04013610700,Census Tract 6107; Maricopa County; Arizona,0.1526,6.0,5.9,0.2,21.8,33.866259,-112.016727
04013610800,Census Tract 6108; Maricopa County; Arizona,0.0421,6.3,2.6,3.1,9.4,33.775615,-112.2441
04013610901,Census Tract 6109.01; Maricopa County; Arizona,0.1372,31.7,1.8,0.0,6.9,33.709952,-112.243834
04013610902,Census Tract 6109.02; Maricopa County; Arizona,0.1071,1.4,3.2,2.6,12.6,33.708437,-112.288807
04013610903,Census Tract 6109.03; Maricopa County; Arizona,0.0022,2.9,1.8,0.0,10.7,33.743752,-112.276322
04013611000,Census Tract 6110; Maricopa County; Arizona,0.0644,10.0,3.1,0.0,17.5,33.735909,-112.243988
04013611100,Census Tract 6111; Maricopa County; Arizona,0.0577,2.2,8.9,1.6,6.5,33.722234,-112.251087
04013611200,Census Tract 6112; Maricopa County; Arizona,0.2205,4.9,3.7,0.0,10.6,33.711451,-112.213545
04013611300,Census Tract 6113; Maricopa County; Arizona,0.3867,4.7,7.7,1.6,8.7,33.767657,-112.148888
04013611400,Census Tract 6114; Maricopa County; Arizona,0.1715,2.8,5.1,3.3,18.7,33.729307,-112.193716
04013611500,Census Tract 6115; Maricopa County; Arizona,0.0602,10.8,2.1,0.0,10.3,33.72593,-112.176379
04013611600,Census Tract 6116; Maricopa County; Arizona,0.0676,5.9,8.7,0.9,13.7,33.721482,-112.149184
04013611700,Census Tract 6117; Maricopa County; Arizona,0.1225,8.7,8.6,0.0,17.8,33.706868,-112.179057
04013611800,Census Tract 6118; Maricopa County; Arizona,0.1607,8.5,7.7,0.4,8.3,33.70633,-112.144607
04013611900,Census Tract 6119; Maricopa County; Arizona,0.4121,13.1,6.3,0.0,9.4,33.723908,-112.138525
04013612000,Census Tract 6120; Maricopa County; Arizona,0.2051,1.4,1.7,4.5,17.6,33.780638,-112.087254
04013612200,Census Tract 6122; Maricopa County; Arizona,0.2006,5.3,2.6,1.2,13.0,33.748619,-112.079516
04013612301,Census Tract 6123.01; Maricopa County; Arizona,0.5874,12.6,15.8,1.4,5.7,33.710841,-112.071546
04013612302,Census Tract 6123.02; Maricopa County; Arizona,0.4202,11.6,2.1,2.3,7.7,33.735938,-112.11243
04013612401,Census Tract 6124.01; Maricopa County; Arizona,0.0683,8.2,5.3,0.0,8.7,33.699404,-112.040441
04013612402,Census Tract 6124.02; Maricopa County; Arizona,0.1054,3.9,5.5,2.9,6.8,33.748862,-112.03655
04013612500,Census Tract 6125; Maricopa County; Arizona,0.0535,6.0,5.4,0.0,21.1,33.784293,-111.987741
04013612600,Census Tract 6126; Maricopa County; Arizona,0.0201,2.7,2.5,4.3,16.5,33.764781,-111.98914
04013612700,Census Tract 6127; Maricopa County; Arizona,0.0596,6.5,5.1,0.8,32.9,33.758917,-111.979382
04013612800,Census Tract 6128; Maricopa County; Arizona,0.1315,10.7,3.5,7.4,17.0,33.746213,-111.986654
04013612900,Census Tract 6129; Maricopa County; Arizona,0.0552,5.3,2.6,0.4,18.8,33.748189,-111.970852
04013613000,Census Tract 6130; Maricopa County; Arizona,0.0024,6.1,1.1,0.4,20.7,33.779984,-111.960559
04013613100,Census Tract 6131; Maricopa County; Arizona,0.0923,6.9,1.6,2.1,64.7,33.790553,-111.945689
04013613200,Census Tract 6132; Maricopa County; Arizona,0.062,9.4,6.0,0.6,22.4,33.757501,-111.945485
04013613300,Census Tract 6133; Maricopa County; Arizona,0.0604,2.8,4.1,0.0,18.5,33.721688,-111.974377
04013613400,Census Tract 6134; Maricopa County; Arizona,0.2037,9.6,6.2,2.4,24.9,33.6786,-112.298149
04013613500,Census Tract 6135; Maricopa County; Arizona,0.3976,14.5,4.2,2.9,18.6,33.685388,-112.284577
04013613601,Census Tract 6136.01; Maricopa County; Arizona,0.5789,9.5,3.1,14.6,22.8,33.674825,-112.27344
04013613602,Census Tract 6136.02; Maricopa County; Arizona,0.0406,3.4,2.3,0.0,9.7,33.689827,-112.262811
04013613700,Census Tract 6137; Maricopa County; Arizona,0.0847,9.2,6.4,1.8,9.0,33.672867,-112.252958
04013613800,Census Tract 6138; Maricopa County; Arizona,0.1221,7.1,2.3,0.0,15.2,33.683844,-112.24661
04013613900,Census Tract 6139; Maricopa County; Arizona,0.215,7.9,3.5,1.0,16.6,33.678237,-112.231029
04013614000,Census Tract 6140; Maricopa County; Arizona,0.0641,5.0,6.1,0.0,13.3,33.68844,-112.214191
04013614100,Census Tract 6141; Maricopa County; Arizona,0.585,4.9,6.5,3.3,16.2,33.673701,-112.218623
04013614200,Census Tract 6142; Maricopa County; Arizona,0.2514,8.3,1.8,4.2,22.6,33.684329,-112.193443
04013614300,Census Tract 6143; Maricopa County; Arizona,0.0465,6.7,2.6,0.8,28.1,33.685222,-112.168445
04013614400,Census Tract 6144; Maricopa County; Arizona,0.6562,32.5,13.7,0.9,20.4,33.676396,-112.142051
04013614500,Census Tract 6145; Maricopa County; Arizona,0.7349,29.9,8.3,2.7,9.8,33.692555,-112.125195
04013614601,Census Tract 6146.01; Maricopa County; Arizona,0.4368,15.9,4.7,5.3,8.1,33.676124,-112.130259
04013614602,Census Tract 6146.02; Maricopa County; Arizona,0.1744,8.9,9.4,1.5,9.8,33.677519,-112.121753
04013614700,Census Tract 6147; Maricopa County; Arizona,0.7156,31.4,10.5,7.1,9.2,33.685644,-112.079622
04013614800,Census Tract 6148; Maricopa County; Arizona,0.604,14.1,6.3,0.4,10.1,33.672791,-112.089348
04013614900,Census Tract 6149; Maricopa County; Arizona,0.3838,13.1,5.1,1.5,16.3,33.678137,-112.049239
04013615001,Census Tract 6150.01; Maricopa County; Arizona,0.3306,2.9,1.0,3.1,22.1,33.690486,-112.006801
04013615002,Census Tract 6150.02; Maricopa County; Arizona,0.2152,2.3,1.6,4.5,13.9,33.678456,-112.005125
04013615100,Census Tract 6151; Maricopa County; Arizona,0.011,7.9,3.1,0.0,7.5,33.690019,-111.978839
04013615201,Census Tract 6152.01; Maricopa County; Arizona,0.259,23.0,10.3,2.5,6.2,33.667802,-111.949875
04013615202,Census Tract 6152.02; Maricopa County; Arizona,0.2534,15.0,15.3,10.6,32.1,33.68395,-111.965511
04013615300,Census Tract 6153; Maricopa County; Arizona,0.5462,32.9,3.2,9.3,73.0,33.661331,-112.299678
04013615400,Census Tract 6154; Maricopa County; Arizona,0.4204,10.5,2.6,8.3,77.8,33.66096,-112.281905
04013615500,Census Tract 6155; Maricopa County; Arizona,0.1073,13.0,0.9,0.0,70.2,33.660328,-112.263767
04013615600,Census Tract 6156; Maricopa County; Arizona,0.5185,23.8,3.3,3.6,58.8,33.661147,-112.241913
04013615700,Census Tract 6157; Maricopa County; Arizona,0.0476,7.0,6.5,0.5,21.0,33.65955,-112.229512
04013615800,Census Tract 6158; Maricopa County; Arizona,0.4973,15.1,5.7,2.8,19.8,33.660252,-112.212791
04013615900,Census Tract 6159; Maricopa County; Arizona,0.2795,21.0,2.3,0.0,13.6,33.66106,-112.195423
04013616000,Census Tract 6160; Maricopa County; Arizona,0.6164,29.2,12.4,1.7,13.1,33.662225,-112.177147
04013616100,Census Tract 6161; Maricopa County; Arizona,0.5243,21.0,10.6,5.0,8.8,33.664696,-112.161864
04013616200,Census Tract 6162; Maricopa County; Arizona,0.2909,16.8,6.4,2.5,18.8,33.659322,-112.162133
04013616300,Census Tract 6163; Maricopa County; Arizona,0.1935,10.6,3.5,2.6,26.9,33.664321,-112.145811
04013616400,Census Tract 6164; Maricopa County; Arizona,0.5596,15.9,1.5,4.6,25.2,33.663488,-112.125116
04013616500,Census Tract 6165; Maricopa County; Arizona,0.6883,21.6,9.7,6.8,16.7,33.661767,-112.107822
04013616600,Census Tract 6166; Maricopa County; Arizona,0.4511,14.9,12.0,7.4,10.3,33.663242,-112.091731
04013616700,Census Tract 6167; Maricopa County; Arizona,0.2756,9.2,11.5,0.0,9.7,33.662357,-112.075488
04013616800,Census Tract 6168; Maricopa County; Arizona,0.723,19.9,26.9,3.6,8.8,33.661682,-112.057265
04013616900,Census Tract 6169; Maricopa County; Arizona,0.3601,8.7,5.2,4.6,11.9,33.664087,-112.037474
04013617001,Census Tract 6170.01; Maricopa County; Arizona,0.0,,,,,33.675225,-112.019874
04013617002,Census Tract 6170.02; Maricopa County; Arizona,0.5341,18.8,9.8,7.0,18.9,33.665094,-112.025781
04013617100,Census Tract 6171; Maricopa County; Arizona,0.0824,10.7,4.5,1.7,14.4,33.667838,-112.006507
04013617200,Census Tract 6172; Maricopa County; Arizona,0.0243,3.0,2.2,0.0,11.3,33.660444,-112.006537
04013617300,Census Tract 6173; Maricopa County; Arizona,0.1607,12.2,4.7,0.0,11.1,33.658482,-111.991958
04013617400,Census Tract 6174; Maricopa County; Arizona,0.4318,12.8,2.7,5.6,49.8,33.649609,-112.303882
04013617500,Census Tract 6175; Maricopa County; Arizona,0.4486,15.1,1.2,14.1,65.6,33.644898,-112.264204
04013617600,Census Tract 6176; Maricopa County; Arizona,0.6342,18.1,4.2,17.3,21.1,33.643774,-112.24461
04013617700,Census Tract 6177; Maricopa County; Arizona,0.7519,25.2,11.9,7.1,6.8,33.64318,-112.232179
04013617800,Census Tract 6178; Maricopa County; Arizona,0.19,11.5,6.2,0.5,24.3,33.648336,-112.206081
04013617900,Census Tract 6179; Maricopa County; Arizona,0.4976,15.9,5.0,1.6,18.9,33.644888,-112.198268
04013618000,Census Tract 6180; Maricopa County; Arizona,0.0933,19.3,4.4,2.4,11.8,33.64684,-112.178695
04013618100,Census Tract 6181; Maricopa County; Arizona,0.2963,6.2,5.9,1.1,15.4,33.647002,-112.161456
04013618200,Census Tract 6182; Maricopa County; Arizona,0.7598,19.5,15.5,2.7,12.8,33.651508,-112.144432
04013618300,Census Tract 6183; Maricopa County; Arizona,0.3354,19.0,8.5,1.1,15.7,33.643854,-112.143129
04013618400,Census Tract 6184; Maricopa County; Arizona,0.727,32.5,16.5,3.4,13.7,33.651478,-112.124149
04013618500,Census Tract 6185; Maricopa County; Arizona,0.6705,15.1,11.3,3.6,6.7,33.643503,-112.126166
04013618600,Census Tract 6186; Maricopa County; Arizona,0.7864,15.5,22.5,10.3,14.7,33.648305,-112.10727
04013618700,Census Tract 6187; Maricopa County; Arizona,0.3063,18.2,12.5,3.6,11.8,33.651058,-112.091711
04013618800,Census Tract 6188; Maricopa County; Arizona,0.9188,35.8,12.9,11.5,8.7,33.643823,-112.092991
04013618900,Census Tract 6189; Maricopa County; Arizona,0.724,23.6,9.4,6.9,16.3,33.64727,-112.074855
04013619000,Census Tract 6190; Maricopa County; Arizona,0.5416,15.1,12.1,1.8,20.2,33.65158,-112.05762
04013619100,Census Tract 6191; Maricopa County; Arizona,0.8546,25.6,16.1,14.1,4.0,33.64468,-112.06369
04013619200,Census Tract 6192; Maricopa County; Arizona,0.6824,30.4,16.9,6.1,5.9,33.644041,-112.054745
04013619300,Census Tract 6193; Maricopa County; Arizona,0.8949,26.5,14.5,5.3,14.4,33.651339,-112.03926
04013619400,Census Tract 6194; Maricopa County; Arizona,0.6517,8.2,8.2,3.7,10.1,33.644865,-112.041124
04013619500,Census Tract 6195; Maricopa County; Arizona,0.4972,14.7,9.8,1.4,11.2,33.648144,-112.023974
04013619601,Census Tract 6196.01; Maricopa County; Arizona,0.0,,,,,33.648122,-111.998812
04013619602,Census Tract 6196.02; Maricopa County; Arizona,0.4065,16.9,7.3,7.0,15.1,33.649571,-112.008508
04013619700,Census Tract 6197; Maricopa County; Arizona,0.6336,24.9,19.5,3.9,15.2,33.651595,-111.987224
04013619800,Census Tract 6198; Maricopa County; Arizona,0.3831,7.4,6.7,3.3,8.3,33.64514,-111.986251
04013619900,Census Tract 6199; Maricopa County; Arizona,0.3136,6.1,2.8,3.1,19.0,33.645311,-111.96358
04013723304,Census Tract 7233.04; Maricopa County; Arizona,0.6187,24.8,6.6,2.9,23.6,33.271794,-112.453106
04013723305,Census Tract 7233.05; Maricopa County; Arizona,0.9254,42.4,32.0,7.9,13.4,33.005661,-112.931423
04013723306,Census Tract 7233.06; Maricopa County; Arizona,0.5548,69.6,8.3,0.0,2.7,33.066003,-112.591497
04013723307,Census Tract 7233.07; Maricopa County; Arizona,0.0886,8.4,6.6,0.0,20.1,33.36831,-112.43866
04013723309,Census Tract 7233.09; Maricopa County; Arizona,0.0606,5.1,12.7,0.7,22.5,33.341334,-112.427567
04013723310,Census Tract 7233.10; Maricopa County; Arizona,0.0213,5.4,4.5,2.9,22.4,33.334141,-112.437038
04013723311,Census Tract 7233.11; Maricopa County; Arizona,0.0248,7.9,5.3,1.2,17.1,33.327619,-112.446199
04013810000,Census Tract 8100; Maricopa County; Arizona,0.0815,14.9,6.3,0.0,6.3,33.328152,-111.957229
04013810100,Census Tract 8101; Maricopa County; Arizona,0.0775,1.8,5.6,0.4,23.0,33.327879,-111.926683
04013810200,Census Tract 8102; Maricopa County; Arizona,0.2562,7.3,1.8,2.0,9.9,33.324031,-111.901259
04013810300,Census Tract 8103; Maricopa County; Arizona,0.6159,15.8,8.9,3.7,14.7,33.327278,-111.886396
04013810400,Census Tract 8104; Maricopa County; Arizona,0.3193,8.6,4.5,3.2,9.6,33.318905,-111.958054
04013810500,Census Tract 8105; Maricopa County; Arizona,0.3146,16.8,7.6,2.0,16.2,33.315354,-111.937607
04013810600,Census Tract 8106; Maricopa County; Arizona,0.287,12.2,1.8,2.2,12.7,33.316895,-111.919719
04013810700,Census Tract 8107; Maricopa County; Arizona,0.397,18.5,6.3,1.3,8.6,33.311198,-111.902363
04013810800,Census Tract 8108; Maricopa County; Arizona,0.2366,5.0,4.5,0.6,13.8,33.314087,-111.887045
04013810900,Census Tract 8109; Maricopa County; Arizona,0.4049,9.2,7.7,4.0,10.5,33.299605,-111.934971
04013811000,Census Tract 8110; Maricopa County; Arizona,0.0995,3.8,4.7,0.0,12.3,33.299153,-111.923437
04013811100,Census Tract 8111; Maricopa County; Arizona,0.4343,21.6,8.3,2.0,6.3,33.299191,-111.899544
04013811200,Census Tract 8112; Maricopa County; Arizona,0.3803,9.7,4.5,5.5,5.8,33.294808,-111.886913
04013811300,Census Tract 8113; Maricopa County; Arizona,0.0851,7.9,8.6,1.6,6.9,33.324052,-111.817114
04013811400,Census Tract 8114; Maricopa County; Arizona,0.157,14.9,4.2,0.0,13.2,33.314893,-111.816741
04013811500,Census Tract 8115; Maricopa County; Arizona,0.123,12.1,7.0,2.4,16.5,33.311851,-111.800316
04013811600,Census Tract 8116; Maricopa County; Arizona,0.2453,13.4,3.3,2.7,12.9,33.300456,-111.815597
04013811700,Census Tract 8117; Maricopa County; Arizona,0.4949,10.5,9.9,2.9,18.8,33.300367,-111.79836
04013811800,Census Tract 8118; Maricopa County; Arizona,0.1677,0.7,6.1,2.3,13.4,33.286885,-111.885851
04013811900,Census Tract 8119; Maricopa County; Arizona,0.1847,2.9,3.4,0.0,14.8,33.283454,-111.866761
04013812000,Census Tract 8120; Maricopa County; Arizona,0.829,22.5,19.0,9.7,7.3,33.286768,-111.850533
04013812100,Census Tract 8121; Maricopa County; Arizona,0.3416,13.8,13.1,1.5,18.5,33.286425,-111.823831
04013812200,Census Tract 8122; Maricopa County; Arizona,0.3015,9.3,7.6,3.5,8.8,33.268869,-111.876134
04013812300,Census Tract 8123; Maricopa County; Arizona,0.336,4.9,4.5,3.5,5.6,33.270491,-111.847925
04013812400,Census Tract 8124; Maricopa County; Arizona,0.2382,7.7,2.9,0.0,4.7,33.270686,-111.825131
04013812500,Census Tract 8125; Maricopa County; Arizona,0.1081,7.2,0.9,2.2,8.5,33.268454,-111.782949
04013812600,Census Tract 8126; Maricopa County; Arizona,0.1851,9.3,6.5,1.6,18.4,33.255025,-111.873226
04013812700,Census Tract 8127; Maricopa County; Arizona,0.3529,5.0,2.2,7.0,15.4,33.253997,-111.854985
04013812801,Census Tract 8128.01; Maricopa County; Arizona,0.3613,8.8,3.5,3.7,11.2,33.255314,-111.779391
04013812802,Census Tract 8128.02; Maricopa County; Arizona,0.2642,8.8,1.5,1.6,5.9,33.254747,-111.798862
04013812900,Census Tract 8129; Maricopa County; Arizona,0.1455,8.7,0.4,0.0,14.7,33.239434,-111.869872
04013813000,Census Tract 8130; Maricopa County; Arizona,0.1212,5.9,2.2,1.2,29.5,33.234328,-111.854805
04013813100,Census Tract 8131; Maricopa County; Arizona,0.0696,9.0,1.2,1.7,7.5,33.24024,-111.83238
04013813200,Census Tract 8132; Maricopa County; Arizona,0.0363,3.2,1.9,2.6,9.4,33.241106,-111.814873
04013813300,Census Tract 8133; Maricopa County; Arizona,0.0624,4.8,1.7,0.4,10.1,33.241326,-111.793901
04013813400,Census Tract 8134; Maricopa County; Arizona,0.0975,7.2,2.1,1.4,8.5,33.21965,-111.832651
04013813500,Census Tract 8135; Maricopa County; Arizona,0.1503,5.6,2.8,2.0,10.2,33.229081,-111.805831
04013813600,Census Tract 8136; Maricopa County; Arizona,0.0488,1.6,3.0,0.0,9.9,33.22625,-111.772931
04013813700,Census Tract 8137; Maricopa County; Arizona,0.0154,14.0,2.4,0.6,79.7,33.213652,-111.852565
04013813800,Census Tract 8138; Maricopa County; Arizona,0.0934,9.9,0.2,3.9,86.5,33.211246,-111.817509
04013813900,Census Tract 8139; Maricopa County; Arizona,0.3407,10.2,4.7,1.6,9.8,33.21291,-111.798112
04013814000,Census Tract 8140; Maricopa County; Arizona,0.2305,13.3,4.6,4.3,64.7,33.213239,-111.782591
04013814100,Census Tract 8141; Maricopa County; Arizona,0.0641,10.0,2.6,0.0,8.0,33.213905,-111.763112
04013814200,Census Tract 8142; Maricopa County; Arizona,0.0904,4.1,4.5,0.8,22.3,33.334123,-111.816792
04013814300,Census Tract 8143; Maricopa County; Arizona,0.4036,16.4,4.7,4.8,14.9,33.328454,-111.800079
04013814400,Census Tract 8144; Maricopa County; Arizona,0.2753,5.6,5.9,0.4,9.6,33.329548,-111.783251
04013814500,Census Tract 8145; Maricopa County; Arizona,0.2175,8.1,1.1,0.7,9.6,33.328604,-111.766401
04013814600,Census Tract 8146; Maricopa County; Arizona,0.3246,9.7,9.4,0.8,5.8,33.320884,-111.749084
04013814700,Census Tract 8147; Maricopa County; Arizona,0.2864,13.6,13.8,3.1,12.6,33.328979,-111.730461
04013814801,Census Tract 8148.01; Maricopa County; Arizona,0.036,0.3,1.2,1.4,6.6,33.332183,-111.7055
04013814802,Census Tract 8148.02; Maricopa County; Arizona,0.1886,5.2,9.9,0.0,3.9,33.324945,-111.707496
04013814900,Census Tract 8149; Maricopa County; Arizona,0.0223,3.7,4.5,1.3,10.8,33.314995,-111.793872
04013815000,Census Tract 8150; Maricopa County; Arizona,0.0397,1.7,2.0,5.6,9.4,33.314544,-111.762376
04013815100,Census Tract 8151; Maricopa County; Arizona,0.2608,5.0,4.2,0.6,5.6,33.314606,-111.731909
04013815201,Census Tract 8152.01; Maricopa County; Arizona,0.1998,9.1,2.7,1.7,5.0,33.315504,-111.694515
04013815202,Census Tract 8152.02; Maricopa County; Arizona,0.0822,11.4,1.3,0.0,4.4,33.310597,-111.713802
04013815203,Census Tract 8152.03; Maricopa County; Arizona,0.2309,5.4,11.9,0.6,4.8,33.318772,-111.713407
04013815300,Census Tract 8153; Maricopa County; Arizona,0.1096,12.4,4.6,0.0,10.3,33.294081,-111.782272
04013815401,Census Tract 8154.01; Maricopa County; Arizona,0.232,4.1,6.9,9.0,11.0,33.285556,-111.749387
04013815402,Census Tract 8154.02; Maricopa County; Arizona,0.2857,7.7,6.8,0.7,5.1,33.295484,-111.764423
04013815501,Census Tract 8155.01; Maricopa County; Arizona,0.2649,9.8,7.2,8.6,6.9,33.298405,-111.735449
04013815502,Census Tract 8155.02; Maricopa County; Arizona,0.2346,9.7,12.2,3.6,3.6,33.299996,-111.747504
04013815601,Census Tract 8156.01; Maricopa County; Arizona,0.0204,0.0,12.8,0.0,15.5,33.298433,-111.695699
04013815602,Census Tract 8156.02; Maricopa County; Arizona,0.0629,5.3,3.7,2.2,6.7,33.29788,-111.711744
04013815700,Census Tract 8157; Maricopa County; Arizona,0.0954,5.4,4.3,0.6,9.2,33.28695,-111.712502
04013815800,Census Tract 8158; Maricopa County; Arizona,0.2412,11.2,2.9,1.4,6.9,33.283102,-111.697211
04013815901,Census Tract 8159.01; Maricopa County; Arizona,0.1353,10.6,3.0,1.9,6.6,33.271944,-111.773487
04013815902,Census Tract 8159.02; Maricopa County; Arizona,0.1964,4.5,4.4,2.8,11.4,33.255217,-111.758585
04013816001,Census Tract 8160.01; Maricopa County; Arizona,0.0751,1.8,1.9,0.0,4.0,33.264113,-111.727906
04013816002,Census Tract 8160.02; Maricopa County; Arizona,0.0401,1.3,1.0,0.0,3.4,33.25073,-111.72791
04013816003,Census Tract 8160.03; Maricopa County; Arizona,0.4082,3.1,15.1,14.3,28.4,33.242675,-111.75826
04013816004,Census Tract 8160.04; Maricopa County; Arizona,0.0155,8.0,3.4,0.0,10.7,33.210159,-111.733676
04013816005,Census Tract 8160.05; Maricopa County; Arizona,0.0379,4.0,5.6,0.0,17.9,33.221052,-111.741745
04013816100,Census Tract 8161; Maricopa County; Arizona,0.0861,6.3,9.3,0.0,6.1,33.27026,-111.708451
04013816200,Census Tract 8162; Maricopa County; Arizona,0.2622,16.8,6.6,0.0,10.2,33.273334,-111.695765
04013816301,Census Tract 8163.01; Maricopa County; Arizona,0.0634,13.2,1.7,2.2,87.1,33.258289,-111.692971
04013816302,Census Tract 8163.02; Maricopa County; Arizona,0.0176,3.5,3.3,0.0,5.1,33.255017,-111.711962
04013816401,Census Tract 8164.01; Maricopa County; Arizona,0.0368,2.3,2.6,0.0,5.7,33.240867,-111.709491
04013816402,Census Tract 8164.02; Maricopa County; Arizona,0.0521,13.2,6.0,0.0,10.0,33.218358,-111.711729
04013816501,Census Tract 8165.01; Maricopa County; Arizona,0.0047,4.0,1.4,1.6,14.4,33.228274,-111.698152
04013816502,Census Tract 8165.02; Maricopa County; Arizona,0.1782,9.2,14.9,2.1,7.6,33.227182,-111.695913
04013816600,Census Tract 8166; Maricopa County; Arizona,0.0853,2.7,6.4,0.0,7.5,33.273675,-111.677104
04013816700,Census Tract 8167; Maricopa County; Arizona,0.0165,1.6,0.6,0.0,9.6,33.258949,-111.677451
04013816800,Census Tract 8168; Maricopa County; Arizona,0.199,4.7,3.8,0.2,11.4,33.263337,-111.65907
04013816901,Census Tract 8169.01; Maricopa County; Arizona,0.129,5.9,7.4,2.9,7.1,33.236777,-111.596433
04013816902,Census Tract 8169.02; Maricopa County; Arizona,0.2409,1.0,1.9,5.9,9.1,33.255911,-111.599425
04013816903,Census Tract 8169.03; Maricopa County; Arizona,0.1125,5.1,2.9,0.0,15.2,33.257384,-111.628311
04013816904,Census Tract 8169.04; Maricopa County; Arizona,0.0027,8.7,11.2,0.0,12.1,33.269637,-111.632664
04013817000,Census Tract 8170; Maricopa County; Arizona,0.3081,10.4,2.0,6.8,26.6,33.242035,-111.663987
04013817101,Census Tract 8171.01; Maricopa County; Arizona,0.0859,11.4,3.0,0.0,12.1,33.231515,-111.614151
04013817102,Census Tract 8171.02; Maricopa County; Arizona,0.3195,14.1,3.5,0.9,6.6,33.246584,-111.62613
04013817103,Census Tract 8171.03; Maricopa County; Arizona,0.3273,10.8,10.7,1.4,7.8,33.236054,-111.613066
04013817200,Census Tract 8172; Maricopa County; Arizona,0.3032,6.9,8.1,0.0,6.0,33.218792,-111.642026
04013817300,Census Tract 8173; Maricopa County; Arizona,0.1803,9.1,1.3,7.7,84.9,33.224957,-111.880347
04013817400,Census Tract 8174; Maricopa County; Arizona,0.3573,16.2,1.4,9.3,69.7,33.212713,-111.887108
04013817500,Census Tract 8175; Maricopa County; Arizona,0.1446,16.9,2.9,2.4,75.0,33.212412,-111.866164
04013817600,Census Tract 8176; Maricopa County; Arizona,0.1699,8.0,4.0,1.0,18.0,33.313724,-111.644339
04013940700,Census Tract 9407; Maricopa County; Arizona,0.2311,0.0,0.0,0.0,100.0,32.597007,-112.344205
04013941000,Census Tract 9410; Maricopa County; Arizona,0.9399,59.3,44.9,21.6,10.2,33.294421,-112.171941
04013941100,Census Tract 9411; Maricopa County; Arizona,0.0765,0.0,48.4,0.0,0.0,33.26082,-111.946417
04013941200,Census Tract 9412; Maricopa County; Arizona,0.798,42.7,39.9,5.2,6.8,33.634385,-111.680146
04013941300,Census Tract 9413; Maricopa County; Arizona,0.9772,42.4,17.5,6.4,23.4,33.499084,-111.780313
04013980100,Census Tract 9801; Maricopa County; Arizona,0.0,,,,,32.767938,-112.67229
04013980400,Census Tract 9804; Maricopa County; Arizona,0.0,18.2,15.4,,0.0,33.299307,-111.961036
04013980500,Census Tract 9805; Maricopa County; Arizona,0.0,,,,,33.246428,-111.88435
04013980700,Census Tract 9807; Maricopa County; Arizona,0.0,,,,,33.691243,-111.735566
04013980900,Census Tract 9809; Maricopa County; Arizona,0.0189,0.0,66.7,0.0,0.0,33.361882,-112.379233
04013981000,Census Tract 9810; Maricopa County; Arizona,0.0,100.0,0.0,,2.4,33.455979,-112.026945
